--
-- PostgreSQL database dump
--
-- Safe headers for Postgres 16
SET statement_timeout = 0;
SET lock_timeout = 0;
SET idle_in_transaction_session_timeout = 0;
SET client_encoding = 'UTF8';
SET standard_conforming_strings = on;
SET check_function_bodies = false;
SET xmloption = content;
SET client_min_messages = warning;
SET row_security = off;

-- Bypass foreign keys for all complex tables
SET session_replication_role = 'replica';


INSERT INTO public.player (id, username, pass_hash, trophies, created_at) VALUES (1, 'NedStark', '$2a$10$bYz8zWcMOdVJ8omMg3eFy.L5leR.klaIvaKa1VoxjxFUTJygPXD6.', 0, '2026-06-11 01:56:43.953987+05:30');
INSERT INTO public.player (id, username, pass_hash, trophies, created_at) VALUES (6, 'NeStark', '$2a$10$PFCddJW6oiOfY4HbHD6Zneeu.GvDpVr3SY8FPW.kniXTPoo3az07m', 0, '2026-06-13 00:32:09.367178+05:30');
INSERT INTO public.player (id, username, pass_hash, trophies, created_at) VALUES (8, 'Jon', '$2a$10$SSsnhnWuhlfPumIm2KkW7.RMFidKO4jBb5s5d9IoMA78EEytcJJdi', 0, '2026-06-13 10:02:50.058448+05:30');
INSERT INTO public.player (id, username, pass_hash, trophies, created_at) VALUES (18, 'Jony', '$2a$10$IFVuoE/E7uWQhs..LzyiAemfXt9EF4nwNVvl07cdag8vKlBt6zaCa', 0, '2026-06-13 21:07:36.667327+05:30');
INSERT INTO public.player (id, username, pass_hash, trophies, created_at) VALUES (19, 'Oggy', '$2a$10$HRgUzfurb42s5dlO4QrAjetV/t3/139i4ND.sUClSt.l1GiD3Qm3a', 0, '2026-06-14 11:10:38.945616+05:30');
INSERT INTO public.player (id, username, pass_hash, trophies, created_at) VALUES (23, 'Sim', '$2a$10$E4DN3iuCz1fnQt9V5QAXru4dIGMpFcgdlbWO3brpenzelb7tvXQ2O', 0, '2026-06-17 12:15:41.517848+05:30');
INSERT INTO public.player (id, username, pass_hash, trophies, created_at) VALUES (33, 'DonTBeacunt', '$2a$10$Zek.3AmT1MY1Q4qghXdomukZbzUGBf8ne9DqYxPH9B/904JSuLW3S', 0, '2026-06-17 17:15:24.577084+05:30');
INSERT INTO public.player (id, username, pass_hash, trophies, created_at) VALUES (36, 'Beat', '$2a$10$CN24HEmox27r6Ksf2oUgJOTks0AVqd1dUlE5uLljKFsTDEr.V6bbe', 0, '2026-06-18 01:21:08.310614+05:30');
INSERT INTO public.player (id, username, pass_hash, trophies, created_at) VALUES (45, 'Six', '$2a$10$TUN7YmvyhKFrWeaRviS3lO02UKMtwzzCgvQn5qfxmdnxtIH3m7VPG', 0, '2026-06-20 01:54:24.561008+05:30');
INSERT INTO public.player (id, username, pass_hash, trophies, created_at) VALUES (46, 'robb_stark', '$2a$10$7cNE27AJH7nnQ6iHGj1F/ejwYB3nHH189gTqU26B/s6o8rvELkW0.', 0, '2026-06-20 21:23:13.396685+05:30');
INSERT INTO public.player (id, username, pass_hash, trophies, created_at) VALUES (42, 'Three', '$2a$10$HRho7gmk2QSXyYCWMlJRB.s4mPExXg2FDKhBXr6PFmqR2KGejnnrC', 0, '2026-06-19 23:49:08.786564+05:30');
INSERT INTO public.player (id, username, pass_hash, trophies, created_at) VALUES (22, 'aegon', '$2a$10$Cth5v6jIlGWkVCyVLUqpa.Xpzd.4R6FC34zYXJGLEZ9pzoAd7OTBm', 0, '2026-06-15 02:47:47.278458+05:30');
INSERT INTO public.player (id, username, pass_hash, trophies, created_at) VALUES (34, 'How', '$2a$10$jJxGG.QkTTsfTGC.Ocoqae/jj4cEhdwokmYOls0ViJi1s8yeXf.Mm', 0, '2026-06-18 00:19:48.836788+05:30');
INSERT INTO public.player (id, username, pass_hash, trophies, created_at) VALUES (38, 'Wow', '$2a$10$Xears/eyEVKDBE/rskitTOis1l.wAYitfGZmLtVd5pzNDY.pJYaNS', 0, '2026-06-19 01:28:19.39241+05:30');
INSERT INTO public.player (id, username, pass_hash, trophies, created_at) VALUES (48, 'five', '$2a$10$JGiAXzi9Aun.GV68SgXTw.u9kNAe/76jMcHprb14StaVMPTDFNwqG', 0, '2026-06-20 21:42:17.825596+05:30');
INSERT INTO public.player (id, username, pass_hash, trophies, created_at) VALUES (43, 'Four', '$2a$10$IMZEpBZx1b..o5i2HpKhMeFnj0aut6GB7jU1r8BuEUSBKUkx.jjfC', 89, '2026-06-20 01:39:17.283022+05:30');
INSERT INTO public.player (id, username, pass_hash, trophies, created_at) VALUES (47, 'tywin_lannister', '$2a$10$BC74mTUnsuQtZyULA.K1z.bnXCu55O2BZ59/ZOsgYVqmE8Gieinfq', 0, '2026-06-20 21:23:43.740678+05:30');
INSERT INTO public.player (id, username, pass_hash, trophies, created_at) VALUES (37, 'Gum', '$2a$10$7lKoUd.6OYFUf4.t4mnMqOgMrX2A5XiomXJUkDp6NAqQLbDsFBTga', 0, '2026-06-18 01:22:25.172854+05:30');
INSERT INTO public.player (id, username, pass_hash, trophies, created_at) VALUES (40, 'One', '$2a$10$UNYLnOsAgQ6gLpfmgXf4KumcyhONr3/JGToHJrV2I4LXXG30p8hBS', 0, '2026-06-19 22:32:01.30551+05:30');
INSERT INTO public.player (id, username, pass_hash, trophies, created_at) VALUES (57, 'h', '$2a$10$27HcUQ0pJ20qJrGqle/qyuztpWG61U7JwIa5LL2joxpdkdABImF.y', 0, '2026-07-11 11:51:48.310573+05:30');
INSERT INTO public.player (id, username, pass_hash, trophies, created_at) VALUES (58, 'Eight', '$2a$10$zoBzl03ypdbHUErfNVkheunGn7J9C8m5jF8Ll7DcITyP/6fM6bno.', 0, '2026-07-11 14:58:34.514853+05:30');
INSERT INTO public.player (id, username, pass_hash, trophies, created_at) VALUES (106, 'Sys', '$2a$10$THzllXYZGG5EhRGzbgoMnu8Tl4C658I62YatzI2I9hd29S3h0MUSa', 0, '2026-07-11 19:21:42.889431+05:30');
INSERT INTO public.player (id, username, pass_hash, trophies, created_at) VALUES (39, 'Two', '$2a$10$dBe2Hm/btZacQFA8isoIN.MrxNUUfXCIzzefMo3Cl0zKVf0DOBuCe', 143, '2026-06-19 04:18:06.931209+05:30');
INSERT INTO public.player (id, username, pass_hash, trophies, created_at) VALUES (98, 'Indiana', '$2a$10$WjDoug6kOtOApjdw8jM0qOLU/UQnY1.ciDiqvsfTrTqsd1RZrUKGG', 30, '2026-07-11 19:11:00.957749+05:30');
INSERT INTO public.player (id, username, pass_hash, trophies, created_at) VALUES (35, 'Bee', '$2a$10$VOapiuEVVpuM7JTOs4QT6OCboSV0GU4MRb6BfLYV9cFKIwFoxqVJW', 0, '2026-06-18 01:19:30.917424+05:30');
INSERT INTO public.player (id, username, pass_hash, trophies, created_at) VALUES (114, 'ttSys', '$2a$10$/e0Wa6QbjSUZQosjXLShz.UNOPAPv8y1ACt3LjZ03C2hx5mUT5iZW', 0, '2026-07-11 19:42:35.885597+05:30');
INSERT INTO public.player (id, username, pass_hash, trophies, created_at) VALUES (44, 'Five', '$2a$10$CnPwvv4ki/VNtFLaIkPeEuyVnPFKJzFcKuNHL845uWvXeU1v9VEnu', 116, '2026-06-20 01:53:45.779842+05:30');
INSERT INTO public.player (id, username, pass_hash, trophies, created_at) VALUES (64, 'Ten', '$2a$10$rGm8WqobckpKCQ502z8lP.QF49Nef4WHQCIha1JZZCrds6YT1kkYW', 0, '2026-07-11 15:34:07.8687+05:30');
INSERT INTO public.player (id, username, pass_hash, trophies, created_at) VALUES (115, 'Thirteen', '$2a$10$0B3XKMJzImE0BZEpiEYqqOuTj2/R2eVgoT/1XzujUBVFnszi4ee.S', 0, '2026-07-12 14:31:49.366659+05:30');


ALTER TABLE public.player ENABLE TRIGGER ALL;

--
-- Data for Name: troop; Type: TABLE DATA; Schema: public; Owner: lalo
--

ALTER TABLE public.troop DISABLE TRIGGER ALL;

INSERT INTO public.troop (id, type, speed, housing_space, cost_gold, cost_iron, cost_wildfire, dismounted_form_id) VALUES (1, 'Unsullied Footman (Spear, Unarmored)', 2, 1, 60, 20, 0, NULL);
INSERT INTO public.troop (id, type, speed, housing_space, cost_gold, cost_iron, cost_wildfire, dismounted_form_id) VALUES (2, 'Unsullied Veteran (Spear, Armored)', 2, 1, 80, 60, 0, NULL);
INSERT INTO public.troop (id, type, speed, housing_space, cost_gold, cost_iron, cost_wildfire, dismounted_form_id) VALUES (3, 'Dothraki Foot-Screamer (Sword)', 2, 1, 50, 20, 0, NULL);
INSERT INTO public.troop (id, type, speed, housing_space, cost_gold, cost_iron, cost_wildfire, dismounted_form_id) VALUES (5, 'Westerosi Man-at-Arms (Sword, Unarmored)', 2, 1, 40, 15, 0, NULL);
INSERT INTO public.troop (id, type, speed, housing_space, cost_gold, cost_iron, cost_wildfire, dismounted_form_id) VALUES (7, 'Westerosi Archer (Bow, Unarmored)', 2, 1, 45, 25, 0, NULL);
INSERT INTO public.troop (id, type, speed, housing_space, cost_gold, cost_iron, cost_wildfire, dismounted_form_id) VALUES (8, 'Westerosi Marksman (Bow, Armored)', 1, 1, 65, 55, 0, NULL);
INSERT INTO public.troop (id, type, speed, housing_space, cost_gold, cost_iron, cost_wildfire, dismounted_form_id) VALUES (9, 'Grand Pyromancer (Staff, Unarmored)', 2, 2, 90, 10, 40, NULL);
INSERT INTO public.troop (id, type, speed, housing_space, cost_gold, cost_iron, cost_wildfire, dismounted_form_id) VALUES (10, 'Battle Mage (Staff, Armored)', 1, 2, 110, 45, 50, NULL);
INSERT INTO public.troop (id, type, speed, housing_space, cost_gold, cost_iron, cost_wildfire, dismounted_form_id) VALUES (11, 'Dothraki Vanguard (Sword, Mounted)', 4, 3, 100, 40, 0, 3);
INSERT INTO public.troop (id, type, speed, housing_space, cost_gold, cost_iron, cost_wildfire, dismounted_form_id) VALUES (13, 'Westerosi Raider (Sword, Mounted)', 4, 3, 90, 35, 0, 5);
INSERT INTO public.troop (id, type, speed, housing_space, cost_gold, cost_iron, cost_wildfire, dismounted_form_id) VALUES (14, 'Westerosi Cataphract (Sword, Mounted/Armored)', 3, 4, 140, 95, 0, 5);
INSERT INTO public.troop (id, type, speed, housing_space, cost_gold, cost_iron, cost_wildfire, dismounted_form_id) VALUES (16, 'Westerosi Outrider (Staff, Mounted)', 3, 4, 150, 40, 60, 9);


ALTER TABLE public.troop ENABLE TRIGGER ALL;

--
-- Data for Name: village; Type: TABLE DATA; Schema: public; Owner: lalo
--

ALTER TABLE public.village DISABLE TRIGGER ALL;

INSERT INTO public.village (id, gold, iron, wildfire, level, layout) VALUES (1, 0, 0, 0, 1, '{}');
INSERT INTO public.village (id, gold, iron, wildfire, level, layout) VALUES (6, 0, 0, 0, 1, '{}');
INSERT INTO public.village (id, gold, iron, wildfire, level, layout) VALUES (8, 0, 0, 0, 1, '{}');
INSERT INTO public.village (id, gold, iron, wildfire, level, layout) VALUES (23, 0, 0, 0, 1, '{}');
INSERT INTO public.village (id, gold, iron, wildfire, level, layout) VALUES (33, 0, 0, 0, 1, '{}');
INSERT INTO public.village (id, gold, iron, wildfire, level, layout) VALUES (22, 70, 630, 0, 1, '{}');
INSERT INTO public.village (id, gold, iron, wildfire, level, layout) VALUES (58, 10000, 10000, 10000, 1, '{}');
INSERT INTO public.village (id, gold, iron, wildfire, level, layout) VALUES (106, 10000, 10000, 10000, 1, '{}');
INSERT INTO public.village (id, gold, iron, wildfire, level, layout) VALUES (36, 1000, 850, 1000, 1, '{}');
INSERT INTO public.village (id, gold, iron, wildfire, level, layout) VALUES (39, 40, 830, 100, 1, '{}');
INSERT INTO public.village (id, gold, iron, wildfire, level, layout) VALUES (18, 8800, 5050, 10000, 1, '{}');
INSERT INTO public.village (id, gold, iron, wildfire, level, layout) VALUES (19, 0, 0, 0, 1, '{}');
INSERT INTO public.village (id, gold, iron, wildfire, level, layout) VALUES (35, 490, 417, 490, 1, '{}');
INSERT INTO public.village (id, gold, iron, wildfire, level, layout) VALUES (38, 98, 658, 70, 1, '{}');
INSERT INTO public.village (id, gold, iron, wildfire, level, layout) VALUES (98, 420, 2200, 100, 1, '{}');
INSERT INTO public.village (id, gold, iron, wildfire, level, layout) VALUES (46, 10000, 10000, 10000, 1, '{}');
INSERT INTO public.village (id, gold, iron, wildfire, level, layout) VALUES (48, 7000, 7000, 7000, 1, '{}');
INSERT INTO public.village (id, gold, iron, wildfire, level, layout) VALUES (114, 10000, 9850, 10000, 1, '{}');
INSERT INTO public.village (id, gold, iron, wildfire, level, layout) VALUES (64, 7000, 5600, 7000, 1, '{}');
INSERT INTO public.village (id, gold, iron, wildfire, level, layout) VALUES (44, 550, 2200, 100, 1, '{}');
INSERT INTO public.village (id, gold, iron, wildfire, level, layout) VALUES (42, 0, 0, 0, 1, '{}');
INSERT INTO public.village (id, gold, iron, wildfire, level, layout) VALUES (34, 700, 70, 700, 1, '{}');
INSERT INTO public.village (id, gold, iron, wildfire, level, layout) VALUES (45, 10000, 6950, 10000, 1, '{}');
INSERT INTO public.village (id, gold, iron, wildfire, level, layout) VALUES (47, 7000, 7000, 7000, 1, '{}');
INSERT INTO public.village (id, gold, iron, wildfire, level, layout) VALUES (43, 400, 600, 150, 1, '{}');
INSERT INTO public.village (id, gold, iron, wildfire, level, layout) VALUES (115, 0, 900, 0, 1, '{}');
INSERT INTO public.village (id, gold, iron, wildfire, level, layout) VALUES (37, 300, 1012, 175, 1, '{}');
INSERT INTO public.village (id, gold, iron, wildfire, level, layout) VALUES (40, 241, 35, 0, 1, '{}');
INSERT INTO public.village (id, gold, iron, wildfire, level, layout) VALUES (57, 10000, 10000, 10000, 1, '{}');


ALTER TABLE public.village ENABLE TRIGGER ALL;

--
-- Data for Name: army; Type: TABLE DATA; Schema: public; Owner: lalo
--

ALTER TABLE public.army DISABLE TRIGGER ALL;

INSERT INTO public.army (village_id, troop_id, quantity, level) VALUES (40, 1, 26, 1);
INSERT INTO public.army (village_id, troop_id, quantity, level) VALUES (40, 16, 4, 1);
INSERT INTO public.army (village_id, troop_id, quantity, level) VALUES (40, 2, 2, 2);
INSERT INTO public.army (village_id, troop_id, quantity, level) VALUES (22, 1, 20, 1);
INSERT INTO public.army (village_id, troop_id, quantity, level) VALUES (37, 1, 60, 1);
INSERT INTO public.army (village_id, troop_id, quantity, level) VALUES (38, 5, 14, 1);
INSERT INTO public.army (village_id, troop_id, quantity, level) VALUES (38, 1, 8, 1);
INSERT INTO public.army (village_id, troop_id, quantity, level) VALUES (37, 5, 10, 1);


ALTER TABLE public.army ENABLE TRIGGER ALL;

--
-- Data for Name: battles; Type: TABLE DATA; Schema: public; Owner: lalo
--

ALTER TABLE public.battles DISABLE TRIGGER ALL;

INSERT INTO public.battles (id, attacker_id, defender_id, trophies_gained, star_earned, gold_looted, iron_looted, took_place, replay_data, wildfire_looted) VALUES (1, 44, 42, 30, 3, 0, 0, '2026-06-20 21:55:50.248352+05:30', '{"opponent_building": [{"range": 0, "x_cor": 3, "y_cor": 16, "size_x": 2, "size_y": 2, "current_hp": 300, "splash_rad": 0, "building_name": "Iron Mine", "building_type": "producer", "damage_per_sec": 0, "village_building_id": 91}, {"range": 0, "x_cor": 12, "y_cor": 8, "size_x": 2, "size_y": 2, "current_hp": 300, "splash_rad": 0, "building_name": "Iron Mine", "building_type": "producer", "damage_per_sec": 0, "village_building_id": 88}, {"range": 0, "x_cor": 14, "y_cor": 8, "size_x": 3, "size_y": 3, "current_hp": 400, "splash_rad": 0, "building_name": "Barracks", "building_type": "producer", "damage_per_sec": 0, "village_building_id": 89}, {"range": 0, "x_cor": 8, "y_cor": 8, "size_x": 4, "size_y": 4, "current_hp": 700, "splash_rad": 0, "building_name": "Main Castle", "building_type": "storage", "damage_per_sec": 0, "village_building_id": 87}, {"range": 0, "x_cor": 8, "y_cor": 3, "size_x": 3, "size_y": 3, "current_hp": 500, "splash_rad": 0, "building_name": "Armory (Upgrade Lab)", "building_type": "producer", "damage_per_sec": 0, "village_building_id": 90}], "attacker_deployment": [{"x": 0, "y": 0, "hp": 115, "speed": 12, "damage": 18, "quantity": 1, "troop_id": 5, "troop_type": "Westerosi Man-at-Arms (Sword, Unarmored)"}, {"x": 0, "y": 0, "hp": 95, "speed": 12, "damage": 18, "quantity": 3, "troop_id": 7, "troop_type": "Westerosi Archer (Bow, Unarmored)"}, {"x": 0, "y": 0, "hp": 150, "speed": 10, "damage": 25, "quantity": 2, "troop_id": 8, "troop_type": "Westerosi Marksman (Bow, Armored)"}]}', 0);
INSERT INTO public.battles (id, attacker_id, defender_id, trophies_gained, star_earned, gold_looted, iron_looted, took_place, replay_data, wildfire_looted) VALUES (2, 39, 43, 30, 3, 3000, 2715, '2026-06-21 00:11:11.121659+05:30', '{"opponent_building": [{"range": 0, "x_cor": 8, "y_cor": 8, "size_x": 4, "size_y": 4, "current_hp": 700, "splash_rad": 0, "building_name": "Main Castle", "building_type": "storage", "damage_per_sec": 0, "village_building_id": 92}, {"range": 0, "x_cor": 12, "y_cor": 9, "size_x": 2, "size_y": 2, "current_hp": 300, "splash_rad": 0, "building_name": "Gold Mine", "building_type": "producer", "damage_per_sec": 0, "village_building_id": 93}], "attacker_deployment": [{"x": 14, "y": 4, "hp": 100, "speed": 14, "damage": 15, "quantity": 9, "troop_id": 1, "troop_type": "Unsullied Footman (Spear, Unarmored)"}, {"x": 16, "y": 12, "hp": 110, "speed": 12, "damage": 14, "quantity": 3, "troop_id": 5, "troop_type": "Westerosi Man-at-Arms (Sword, Unarmored)"}]}', 3000);
INSERT INTO public.battles (id, attacker_id, defender_id, trophies_gained, star_earned, gold_looted, iron_looted, took_place, replay_data, wildfire_looted) VALUES (3, 39, 44, 30, 3, 2398, 1110, '2026-06-21 00:15:30.424885+05:30', '{"opponent_building": [{"range": 0, "x_cor": 8, "y_cor": 8, "size_x": 4, "size_y": 4, "current_hp": 700, "splash_rad": 0, "building_name": "Main Castle", "building_type": "storage", "damage_per_sec": 0, "village_building_id": 94}, {"range": 0, "x_cor": 12, "y_cor": 8, "size_x": 2, "size_y": 2, "current_hp": 300, "splash_rad": 0, "building_name": "Gold Mine", "building_type": "producer", "damage_per_sec": 0, "village_building_id": 95}, {"range": 0, "x_cor": 8, "y_cor": 6, "size_x": 2, "size_y": 2, "current_hp": 300, "splash_rad": 0, "building_name": "Iron Mine", "building_type": "producer", "damage_per_sec": 0, "village_building_id": 98}, {"range": 0, "x_cor": 8, "y_cor": 12, "size_x": 3, "size_y": 3, "current_hp": 500, "splash_rad": 0, "building_name": "Armory (Upgrade Lab)", "building_type": "producer", "damage_per_sec": 0, "village_building_id": 102}, {"range": 12, "x_cor": 14, "y_cor": 9, "size_x": 2, "size_y": 2, "current_hp": 450, "splash_rad": 0, "building_name": "Scorpion Bolt Launcher", "building_type": "defense", "damage_per_sec": 40, "village_building_id": 106}, {"range": 0, "x_cor": 12, "y_cor": 5, "size_x": 3, "size_y": 3, "current_hp": 400, "splash_rad": 0, "building_name": "Barracks", "building_type": "producer", "damage_per_sec": 0, "village_building_id": 100}, {"range": 12, "x_cor": 8, "y_cor": 15, "size_x": 2, "size_y": 2, "current_hp": 450, "splash_rad": 0, "building_name": "Scorpion Bolt Launcher", "building_type": "defense", "damage_per_sec": 25, "village_building_id": 107}, {"range": 12, "x_cor": 10, "y_cor": 16, "size_x": 2, "size_y": 2, "current_hp": 450, "splash_rad": 0, "building_name": "Scorpion Bolt Launcher", "building_type": "defense", "damage_per_sec": 25, "village_building_id": 108}, {"range": 0, "x_cor": 11, "y_cor": 12, "size_x": 4, "size_y": 4, "current_hp": 350, "splash_rad": 0, "building_name": "Army Camp", "building_type": "storage", "damage_per_sec": 0, "village_building_id": 103}, {"range": 0, "x_cor": 4, "y_cor": 8, "size_x": 4, "size_y": 4, "current_hp": 350, "splash_rad": 0, "building_name": "Army Camp", "building_type": "storage", "damage_per_sec": 0, "village_building_id": 104}, {"range": 0, "x_cor": 4, "y_cor": 12, "size_x": 4, "size_y": 4, "current_hp": 350, "splash_rad": 0, "building_name": "Army Camp", "building_type": "storage", "damage_per_sec": 0, "village_building_id": 105}, {"range": 0, "x_cor": 10, "y_cor": 6, "size_x": 2, "size_y": 2, "current_hp": 250, "splash_rad": 0, "building_name": "Alchemist Laboratory", "building_type": "producer", "damage_per_sec": 0, "village_building_id": 99}, {"range": 0, "x_cor": 12, "y_cor": 10, "size_x": 2, "size_y": 2, "current_hp": 300, "splash_rad": 0, "building_name": "Iron Mine", "building_type": "producer", "damage_per_sec": 0, "village_building_id": 101}, {"range": 0, "x_cor": 15, "y_cor": 12, "size_x": 2, "size_y": 2, "current_hp": 350, "splash_rad": 0, "building_name": "Iron Storage", "building_type": "storage", "damage_per_sec": 0, "village_building_id": 109}], "attacker_deployment": [{"x": 9, "y": 18, "hp": 100, "speed": 14, "damage": 15, "quantity": 8, "troop_id": 1, "troop_type": "Unsullied Footman (Spear, Unarmored)"}, {"x": 17, "y": 10, "hp": 110, "speed": 12, "damage": 14, "quantity": 5, "troop_id": 5, "troop_type": "Westerosi Man-at-Arms (Sword, Unarmored)"}]}', 3000);
INSERT INTO public.battles (id, attacker_id, defender_id, trophies_gained, star_earned, gold_looted, iron_looted, took_place, replay_data, wildfire_looted) VALUES (4, 39, 22, 28, 3, 30, 270, '2026-06-21 00:33:31.196302+05:30', '{"opponent_building": [{"range": 0, "x_cor": 15, "y_cor": 5, "size_x": 2, "size_y": 2, "current_hp": 300, "splash_rad": 0, "building_name": "Iron Mine", "building_type": "producer", "damage_per_sec": 0, "village_building_id": 17}, {"range": 0, "x_cor": 16, "y_cor": 1, "size_x": 3, "size_y": 3, "current_hp": 400, "splash_rad": 0, "building_name": "Barracks", "building_type": "producer", "damage_per_sec": 0, "village_building_id": 22}, {"range": 0, "x_cor": 15, "y_cor": 15, "size_x": 4, "size_y": 4, "current_hp": 350, "splash_rad": 0, "building_name": "Army Camp", "building_type": "storage", "damage_per_sec": 0, "village_building_id": 18}, {"range": 0, "x_cor": 5, "y_cor": 5, "size_x": 2, "size_y": 2, "current_hp": 300, "splash_rad": 0, "building_name": "Gold Mine", "building_type": "producer", "damage_per_sec": 0, "village_building_id": 16}, {"range": 0, "x_cor": 0, "y_cor": 0, "size_x": 2, "size_y": 2, "current_hp": 300, "splash_rad": 0, "building_name": "Gold Mine", "building_type": "producer", "damage_per_sec": 0, "village_building_id": 14}, {"range": 0, "x_cor": 18, "y_cor": 5, "size_x": 2, "size_y": 2, "current_hp": 350, "splash_rad": 0, "building_name": "Gold Storage", "building_type": "storage", "damage_per_sec": 0, "village_building_id": 25}, {"range": 0, "x_cor": 8, "y_cor": 8, "size_x": 4, "size_y": 4, "current_hp": 700, "splash_rad": 0, "building_name": "Main Castle", "building_type": "storage", "damage_per_sec": 0, "village_building_id": 12}, {"range": 0, "x_cor": 6, "y_cor": 0, "size_x": 3, "size_y": 3, "current_hp": 500, "splash_rad": 0, "building_name": "Armory (Upgrade Lab)", "building_type": "producer", "damage_per_sec": 0, "village_building_id": 19}], "attacker_deployment": [{"x": 11, "y": 5, "hp": 100, "speed": 14, "damage": 15, "quantity": 12, "troop_id": 1, "troop_type": "Unsullied Footman (Spear, Unarmored)"}]}', 0);
INSERT INTO public.battles (id, attacker_id, defender_id, trophies_gained, star_earned, gold_looted, iron_looted, took_place, replay_data, wildfire_looted) VALUES (5, 39, 37, 1, 0, 0, 0, '2026-06-21 00:39:16.135879+05:30', '{"opponent_building": [{"range": 0, "x_cor": 12, "y_cor": 7, "size_x": 2, "size_y": 2, "current_hp": 300, "splash_rad": 0, "building_name": "Iron Mine", "building_type": "producer", "damage_per_sec": 0, "village_building_id": 39}, {"range": 0, "x_cor": 9, "y_cor": 4, "size_x": 2, "size_y": 2, "current_hp": 300, "splash_rad": 0, "building_name": "Iron Mine", "building_type": "producer", "damage_per_sec": 0, "village_building_id": 40}, {"range": 0, "x_cor": 9, "y_cor": 16, "size_x": 2, "size_y": 2, "current_hp": 250, "splash_rad": 0, "building_name": "Alchemist Laboratory", "building_type": "producer", "damage_per_sec": 0, "village_building_id": 41}, {"range": 0, "x_cor": 13, "y_cor": 11, "size_x": 3, "size_y": 3, "current_hp": 400, "splash_rad": 0, "building_name": "Barracks", "building_type": "producer", "damage_per_sec": 0, "village_building_id": 42}, {"range": 0, "x_cor": 15, "y_cor": 6, "size_x": 4, "size_y": 4, "current_hp": 350, "splash_rad": 0, "building_name": "Army Camp", "building_type": "storage", "damage_per_sec": 0, "village_building_id": 44}, {"range": 0, "x_cor": 3, "y_cor": 11, "size_x": 4, "size_y": 4, "current_hp": 350, "splash_rad": 0, "building_name": "Army Camp", "building_type": "storage", "damage_per_sec": 0, "village_building_id": 45}, {"range": 0, "x_cor": 12, "y_cor": 2, "size_x": 4, "size_y": 4, "current_hp": 350, "splash_rad": 0, "building_name": "Army Camp", "building_type": "storage", "damage_per_sec": 0, "village_building_id": 46}, {"range": 12, "x_cor": 11, "y_cor": 9, "size_x": 2, "size_y": 2, "current_hp": 450, "splash_rad": 0, "building_name": "Scorpion Bolt Launcher", "building_type": "defense", "damage_per_sec": 25, "village_building_id": 49}, {"range": 12, "x_cor": 11, "y_cor": 11, "size_x": 2, "size_y": 2, "current_hp": 450, "splash_rad": 0, "building_name": "Scorpion Bolt Launcher", "building_type": "defense", "damage_per_sec": 25, "village_building_id": 48}, {"range": 12, "x_cor": 7, "y_cor": 7, "size_x": 2, "size_y": 2, "current_hp": 450, "splash_rad": 0, "building_name": "Scorpion Bolt Launcher", "building_type": "defense", "damage_per_sec": 25, "village_building_id": 50}, {"range": 10, "x_cor": 10, "y_cor": 13, "size_x": 3, "size_y": 3, "current_hp": 600, "splash_rad": 4, "building_name": "Wildfire Catapult", "building_type": "defense", "damage_per_sec": 35, "village_building_id": 52}, {"range": 10, "x_cor": 9, "y_cor": 6, "size_x": 3, "size_y": 3, "current_hp": 600, "splash_rad": 4, "building_name": "Wildfire Catapult", "building_type": "defense", "damage_per_sec": 35, "village_building_id": 51}, {"range": 0, "x_cor": 4, "y_cor": 7, "size_x": 2, "size_y": 2, "current_hp": 300, "splash_rad": 0, "building_name": "Gold Mine", "building_type": "producer", "damage_per_sec": 0, "village_building_id": 54}, {"range": 0, "x_cor": 4, "y_cor": 5, "size_x": 2, "size_y": 2, "current_hp": 300, "splash_rad": 0, "building_name": "Gold Mine", "building_type": "producer", "damage_per_sec": 0, "village_building_id": 53}, {"range": 0, "x_cor": 13, "y_cor": 14, "size_x": 2, "size_y": 2, "current_hp": 350, "splash_rad": 0, "building_name": "Gold Storage", "building_type": "storage", "damage_per_sec": 0, "village_building_id": 55}, {"range": 0, "x_cor": 6, "y_cor": 5, "size_x": 2, "size_y": 2, "current_hp": 350, "splash_rad": 0, "building_name": "Gold Storage", "building_type": "storage", "damage_per_sec": 0, "village_building_id": 56}, {"range": 0, "x_cor": 5, "y_cor": 9, "size_x": 2, "size_y": 2, "current_hp": 350, "splash_rad": 0, "building_name": "Iron Storage", "building_type": "storage", "damage_per_sec": 0, "village_building_id": 58}, {"range": 0, "x_cor": 13, "y_cor": 9, "size_x": 2, "size_y": 2, "current_hp": 350, "splash_rad": 0, "building_name": "Iron Storage", "building_type": "storage", "damage_per_sec": 0, "village_building_id": 57}, {"range": 0, "x_cor": 12, "y_cor": 16, "size_x": 2, "size_y": 2, "current_hp": 350, "splash_rad": 0, "building_name": "Wildfire Storage", "building_type": "storage", "damage_per_sec": 0, "village_building_id": 59}, {"range": 0, "x_cor": 7, "y_cor": 9, "size_x": 4, "size_y": 4, "current_hp": 700, "splash_rad": 0, "building_name": "Main Castle", "building_type": "storage", "damage_per_sec": 0, "village_building_id": 38}, {"range": 0, "x_cor": 7, "y_cor": 13, "size_x": 3, "size_y": 3, "current_hp": 500, "splash_rad": 0, "building_name": "Armory (Upgrade Lab)", "building_type": "producer", "damage_per_sec": 0, "village_building_id": 43}], "attacker_deployment": [{"x": 11, "y": 12, "hp": 110, "speed": 12, "damage": 14, "quantity": 2, "troop_id": 5, "troop_type": "Westerosi Man-at-Arms (Sword, Unarmored)"}, {"x": 11, "y": 12, "hp": 100, "speed": 14, "damage": 15, "quantity": 1, "troop_id": 1, "troop_type": "Unsullied Footman (Spear, Unarmored)"}]}', 0);
INSERT INTO public.battles (id, attacker_id, defender_id, trophies_gained, star_earned, gold_looted, iron_looted, took_place, replay_data, wildfire_looted) VALUES (6, 39, 34, 28, 3, 300, 30, '2026-06-21 00:54:22.031556+05:30', '{"opponent_building": [{"range": 0, "x_cor": 11, "y_cor": 1, "size_x": 2, "size_y": 2, "current_hp": 300, "splash_rad": 0, "building_name": "Iron Mine", "building_type": "producer", "damage_per_sec": 0, "village_building_id": 29}, {"range": 0, "x_cor": 8, "y_cor": 5, "size_x": 3, "size_y": 3, "current_hp": 400, "splash_rad": 0, "building_name": "Barracks", "building_type": "producer", "damage_per_sec": 0, "village_building_id": 32}, {"range": 0, "x_cor": 6, "y_cor": 12, "size_x": 4, "size_y": 4, "current_hp": 350, "splash_rad": 0, "building_name": "Army Camp", "building_type": "storage", "damage_per_sec": 0, "village_building_id": 33}, {"range": 0, "x_cor": 8, "y_cor": 3, "size_x": 2, "size_y": 2, "current_hp": 300, "splash_rad": 0, "building_name": "Gold Mine", "building_type": "producer", "damage_per_sec": 0, "village_building_id": 31}, {"range": 0, "x_cor": 3, "y_cor": 3, "size_x": 2, "size_y": 2, "current_hp": 300, "splash_rad": 0, "building_name": "Gold Mine", "building_type": "producer", "damage_per_sec": 0, "village_building_id": 30}, {"range": 0, "x_cor": 12, "y_cor": 12, "size_x": 4, "size_y": 4, "current_hp": 700, "splash_rad": 0, "building_name": "Main Castle", "building_type": "storage", "damage_per_sec": 0, "village_building_id": 28}], "attacker_deployment": [{"x": 15, "y": 6, "hp": 110, "speed": 12, "damage": 14, "quantity": 4, "troop_id": 5, "troop_type": "Westerosi Man-at-Arms (Sword, Unarmored)"}]}', 300);
INSERT INTO public.battles (id, attacker_id, defender_id, trophies_gained, star_earned, gold_looted, iron_looted, took_place, replay_data, wildfire_looted) VALUES (7, 39, 40, 27, 3, 210, 30, '2026-06-21 01:37:25.384662+05:30', '{"defender_snapshot": [{"range": 0, "x_cor": 6, "y_cor": 8, "size_x": 2, "size_y": 2, "current_hp": 300, "splash_rad": 0, "building_name": "Iron Mine", "building_type": "producer", "damage_per_sec": 0, "village_building_id": 86}, {"range": 0, "x_cor": 7, "y_cor": 6, "size_x": 2, "size_y": 2, "current_hp": 300, "splash_rad": 0, "building_name": "Iron Mine", "building_type": "producer", "damage_per_sec": 0, "village_building_id": 77}, {"range": 0, "x_cor": 9, "y_cor": 5, "size_x": 3, "size_y": 3, "current_hp": 400, "splash_rad": 0, "building_name": "Barracks", "building_type": "producer", "damage_per_sec": 0, "village_building_id": 78}, {"range": 0, "x_cor": 13, "y_cor": 13, "size_x": 4, "size_y": 4, "current_hp": 350, "splash_rad": 0, "building_name": "Army Camp", "building_type": "storage", "damage_per_sec": 0, "village_building_id": 81}, {"range": 0, "x_cor": 12, "y_cor": 6, "size_x": 4, "size_y": 4, "current_hp": 350, "splash_rad": 0, "building_name": "Army Camp", "building_type": "storage", "damage_per_sec": 0, "village_building_id": 84}, {"range": 0, "x_cor": 8, "y_cor": 12, "size_x": 4, "size_y": 4, "current_hp": 350, "splash_rad": 0, "building_name": "Army Camp", "building_type": "storage", "damage_per_sec": 0, "village_building_id": 85}, {"range": 0, "x_cor": 14, "y_cor": 10, "size_x": 2, "size_y": 2, "current_hp": 350, "splash_rad": 0, "building_name": "Gold Storage", "building_type": "storage", "damage_per_sec": 0, "village_building_id": 83}, {"range": 0, "x_cor": 12, "y_cor": 10, "size_x": 2, "size_y": 2, "current_hp": 350, "splash_rad": 0, "building_name": "Gold Storage", "building_type": "storage", "damage_per_sec": 0, "village_building_id": 82}, {"range": 0, "x_cor": 8, "y_cor": 8, "size_x": 4, "size_y": 4, "current_hp": 700, "splash_rad": 0, "building_name": "Main Castle", "building_type": "storage", "damage_per_sec": 0, "village_building_id": 76}, {"range": 0, "x_cor": 5, "y_cor": 10, "size_x": 3, "size_y": 3, "current_hp": 500, "splash_rad": 0, "building_name": "Armory (Upgrade Lab)", "building_type": "producer", "damage_per_sec": 0, "village_building_id": 79}], "attacker_deployment": [{"x": 16, "y": 9, "hp": 100, "speed": 14, "damage": 15, "quantity": 2, "troop_id": 1, "troop_type": "Unsullied Footman (Spear, Unarmored)"}, {"x": 3, "y": 9, "hp": 110, "speed": 12, "damage": 14, "quantity": 2, "troop_id": 5, "troop_type": "Westerosi Man-at-Arms (Sword, Unarmored)"}]}', 0);
INSERT INTO public.battles (id, attacker_id, defender_id, trophies_gained, star_earned, gold_looted, iron_looted, took_place, replay_data, wildfire_looted) VALUES (8, 39, 44, 1, 0, 0, 0, '2026-06-21 01:39:49.454364+05:30', '{"defender_snapshot": [{"range": 0, "x_cor": 8, "y_cor": 8, "size_x": 4, "size_y": 4, "current_hp": 700, "splash_rad": 0, "building_name": "Main Castle", "building_type": "storage", "damage_per_sec": 0, "village_building_id": 94}, {"range": 0, "x_cor": 12, "y_cor": 8, "size_x": 2, "size_y": 2, "current_hp": 300, "splash_rad": 0, "building_name": "Gold Mine", "building_type": "producer", "damage_per_sec": 0, "village_building_id": 95}, {"range": 0, "x_cor": 8, "y_cor": 6, "size_x": 2, "size_y": 2, "current_hp": 300, "splash_rad": 0, "building_name": "Iron Mine", "building_type": "producer", "damage_per_sec": 0, "village_building_id": 98}, {"range": 0, "x_cor": 8, "y_cor": 12, "size_x": 3, "size_y": 3, "current_hp": 500, "splash_rad": 0, "building_name": "Armory (Upgrade Lab)", "building_type": "producer", "damage_per_sec": 0, "village_building_id": 102}, {"range": 12, "x_cor": 14, "y_cor": 9, "size_x": 2, "size_y": 2, "current_hp": 450, "splash_rad": 0, "building_name": "Scorpion Bolt Launcher", "building_type": "defense", "damage_per_sec": 40, "village_building_id": 106}, {"range": 0, "x_cor": 12, "y_cor": 5, "size_x": 3, "size_y": 3, "current_hp": 400, "splash_rad": 0, "building_name": "Barracks", "building_type": "producer", "damage_per_sec": 0, "village_building_id": 100}, {"range": 12, "x_cor": 8, "y_cor": 15, "size_x": 2, "size_y": 2, "current_hp": 450, "splash_rad": 0, "building_name": "Scorpion Bolt Launcher", "building_type": "defense", "damage_per_sec": 25, "village_building_id": 107}, {"range": 12, "x_cor": 10, "y_cor": 16, "size_x": 2, "size_y": 2, "current_hp": 450, "splash_rad": 0, "building_name": "Scorpion Bolt Launcher", "building_type": "defense", "damage_per_sec": 25, "village_building_id": 108}, {"range": 0, "x_cor": 11, "y_cor": 12, "size_x": 4, "size_y": 4, "current_hp": 350, "splash_rad": 0, "building_name": "Army Camp", "building_type": "storage", "damage_per_sec": 0, "village_building_id": 103}, {"range": 0, "x_cor": 4, "y_cor": 8, "size_x": 4, "size_y": 4, "current_hp": 350, "splash_rad": 0, "building_name": "Army Camp", "building_type": "storage", "damage_per_sec": 0, "village_building_id": 104}, {"range": 0, "x_cor": 4, "y_cor": 12, "size_x": 4, "size_y": 4, "current_hp": 350, "splash_rad": 0, "building_name": "Army Camp", "building_type": "storage", "damage_per_sec": 0, "village_building_id": 105}, {"range": 0, "x_cor": 10, "y_cor": 6, "size_x": 2, "size_y": 2, "current_hp": 250, "splash_rad": 0, "building_name": "Alchemist Laboratory", "building_type": "producer", "damage_per_sec": 0, "village_building_id": 99}, {"range": 0, "x_cor": 12, "y_cor": 10, "size_x": 2, "size_y": 2, "current_hp": 300, "splash_rad": 0, "building_name": "Iron Mine", "building_type": "producer", "damage_per_sec": 0, "village_building_id": 101}, {"range": 0, "x_cor": 15, "y_cor": 12, "size_x": 2, "size_y": 2, "current_hp": 350, "splash_rad": 0, "building_name": "Iron Storage", "building_type": "storage", "damage_per_sec": 0, "village_building_id": 109}], "attacker_deployment": [{"x": 6, "y": 9, "hp": 110, "speed": 12, "damage": 14, "quantity": 2, "troop_id": 5, "troop_type": "Westerosi Man-at-Arms (Sword, Unarmored)"}, {"x": 5, "y": 12, "hp": 100, "speed": 14, "damage": 15, "quantity": 2, "troop_id": 1, "troop_type": "Unsullied Footman (Spear, Unarmored)"}]}', 0);
INSERT INTO public.battles (id, attacker_id, defender_id, trophies_gained, star_earned, gold_looted, iron_looted, took_place, replay_data, wildfire_looted) VALUES (9, 43, 37, 1, 0, 0, 0, '2026-06-21 01:44:45.135564+05:30', '{"defender_snapshot": [{"range": 0, "x_cor": 12, "y_cor": 7, "size_x": 2, "size_y": 2, "current_hp": 300, "splash_rad": 0, "building_name": "Iron Mine", "building_type": "producer", "damage_per_sec": 0, "village_building_id": 39}, {"range": 0, "x_cor": 9, "y_cor": 4, "size_x": 2, "size_y": 2, "current_hp": 300, "splash_rad": 0, "building_name": "Iron Mine", "building_type": "producer", "damage_per_sec": 0, "village_building_id": 40}, {"range": 0, "x_cor": 9, "y_cor": 16, "size_x": 2, "size_y": 2, "current_hp": 250, "splash_rad": 0, "building_name": "Alchemist Laboratory", "building_type": "producer", "damage_per_sec": 0, "village_building_id": 41}, {"range": 0, "x_cor": 13, "y_cor": 11, "size_x": 3, "size_y": 3, "current_hp": 400, "splash_rad": 0, "building_name": "Barracks", "building_type": "producer", "damage_per_sec": 0, "village_building_id": 42}, {"range": 0, "x_cor": 15, "y_cor": 6, "size_x": 4, "size_y": 4, "current_hp": 350, "splash_rad": 0, "building_name": "Army Camp", "building_type": "storage", "damage_per_sec": 0, "village_building_id": 44}, {"range": 0, "x_cor": 3, "y_cor": 11, "size_x": 4, "size_y": 4, "current_hp": 350, "splash_rad": 0, "building_name": "Army Camp", "building_type": "storage", "damage_per_sec": 0, "village_building_id": 45}, {"range": 0, "x_cor": 12, "y_cor": 2, "size_x": 4, "size_y": 4, "current_hp": 350, "splash_rad": 0, "building_name": "Army Camp", "building_type": "storage", "damage_per_sec": 0, "village_building_id": 46}, {"range": 12, "x_cor": 11, "y_cor": 9, "size_x": 2, "size_y": 2, "current_hp": 450, "splash_rad": 0, "building_name": "Scorpion Bolt Launcher", "building_type": "defense", "damage_per_sec": 25, "village_building_id": 49}, {"range": 12, "x_cor": 11, "y_cor": 11, "size_x": 2, "size_y": 2, "current_hp": 450, "splash_rad": 0, "building_name": "Scorpion Bolt Launcher", "building_type": "defense", "damage_per_sec": 25, "village_building_id": 48}, {"range": 12, "x_cor": 7, "y_cor": 7, "size_x": 2, "size_y": 2, "current_hp": 450, "splash_rad": 0, "building_name": "Scorpion Bolt Launcher", "building_type": "defense", "damage_per_sec": 25, "village_building_id": 50}, {"range": 10, "x_cor": 10, "y_cor": 13, "size_x": 3, "size_y": 3, "current_hp": 600, "splash_rad": 4, "building_name": "Wildfire Catapult", "building_type": "defense", "damage_per_sec": 35, "village_building_id": 52}, {"range": 10, "x_cor": 9, "y_cor": 6, "size_x": 3, "size_y": 3, "current_hp": 600, "splash_rad": 4, "building_name": "Wildfire Catapult", "building_type": "defense", "damage_per_sec": 35, "village_building_id": 51}, {"range": 0, "x_cor": 4, "y_cor": 7, "size_x": 2, "size_y": 2, "current_hp": 300, "splash_rad": 0, "building_name": "Gold Mine", "building_type": "producer", "damage_per_sec": 0, "village_building_id": 54}, {"range": 0, "x_cor": 4, "y_cor": 5, "size_x": 2, "size_y": 2, "current_hp": 300, "splash_rad": 0, "building_name": "Gold Mine", "building_type": "producer", "damage_per_sec": 0, "village_building_id": 53}, {"range": 0, "x_cor": 13, "y_cor": 14, "size_x": 2, "size_y": 2, "current_hp": 350, "splash_rad": 0, "building_name": "Gold Storage", "building_type": "storage", "damage_per_sec": 0, "village_building_id": 55}, {"range": 0, "x_cor": 6, "y_cor": 5, "size_x": 2, "size_y": 2, "current_hp": 350, "splash_rad": 0, "building_name": "Gold Storage", "building_type": "storage", "damage_per_sec": 0, "village_building_id": 56}, {"range": 0, "x_cor": 5, "y_cor": 9, "size_x": 2, "size_y": 2, "current_hp": 350, "splash_rad": 0, "building_name": "Iron Storage", "building_type": "storage", "damage_per_sec": 0, "village_building_id": 58}, {"range": 0, "x_cor": 13, "y_cor": 9, "size_x": 2, "size_y": 2, "current_hp": 350, "splash_rad": 0, "building_name": "Iron Storage", "building_type": "storage", "damage_per_sec": 0, "village_building_id": 57}, {"range": 0, "x_cor": 12, "y_cor": 16, "size_x": 2, "size_y": 2, "current_hp": 350, "splash_rad": 0, "building_name": "Wildfire Storage", "building_type": "storage", "damage_per_sec": 0, "village_building_id": 59}, {"range": 0, "x_cor": 7, "y_cor": 9, "size_x": 4, "size_y": 4, "current_hp": 700, "splash_rad": 0, "building_name": "Main Castle", "building_type": "storage", "damage_per_sec": 0, "village_building_id": 38}, {"range": 0, "x_cor": 7, "y_cor": 13, "size_x": 3, "size_y": 3, "current_hp": 500, "splash_rad": 0, "building_name": "Armory (Upgrade Lab)", "building_type": "producer", "damage_per_sec": 0, "village_building_id": 43}], "attacker_deployment": [{"x": 10, "y": 7, "hp": 110, "speed": 12, "damage": 14, "quantity": 22, "troop_id": 5, "troop_type": "Westerosi Man-at-Arms (Sword, Unarmored)"}, {"x": 12, "y": 13, "hp": 100, "speed": 14, "damage": 15, "quantity": 18, "troop_id": 1, "troop_type": "Unsullied Footman (Spear, Unarmored)"}]}', 0);
INSERT INTO public.battles (id, attacker_id, defender_id, trophies_gained, star_earned, gold_looted, iron_looted, took_place, replay_data, wildfire_looted) VALUES (10, 43, 37, 1, 0, 0, 0, '2026-06-21 01:58:52.287015+05:30', '{"defender_snapshot": [{"range": 10, "x_cor": 9, "y_cor": 6, "size_x": 3, "size_y": 3, "current_hp": 600, "splash_rad": 4, "building_name": "Wildfire Catapult", "building_type": "defense", "damage_per_sec": 35, "village_building_id": 51}, {"range": 10, "x_cor": 10, "y_cor": 13, "size_x": 3, "size_y": 3, "current_hp": 600, "splash_rad": 4, "building_name": "Wildfire Catapult", "building_type": "defense", "damage_per_sec": 35, "village_building_id": 52}, {"range": 12, "x_cor": 7, "y_cor": 7, "size_x": 2, "size_y": 2, "current_hp": 450, "splash_rad": 0, "building_name": "Scorpion Bolt Launcher", "building_type": "defense", "damage_per_sec": 25, "village_building_id": 50}, {"range": 12, "x_cor": 11, "y_cor": 11, "size_x": 2, "size_y": 2, "current_hp": 450, "splash_rad": 0, "building_name": "Scorpion Bolt Launcher", "building_type": "defense", "damage_per_sec": 25, "village_building_id": 48}, {"range": 12, "x_cor": 11, "y_cor": 9, "size_x": 2, "size_y": 2, "current_hp": 450, "splash_rad": 0, "building_name": "Scorpion Bolt Launcher", "building_type": "defense", "damage_per_sec": 25, "village_building_id": 49}, {"range": 0, "x_cor": 12, "y_cor": 2, "size_x": 4, "size_y": 4, "current_hp": 350, "splash_rad": 0, "building_name": "Army Camp", "building_type": "storage", "damage_per_sec": 0, "village_building_id": 46}, {"range": 0, "x_cor": 6, "y_cor": 5, "size_x": 2, "size_y": 2, "current_hp": 350, "splash_rad": 0, "building_name": "Gold Storage", "building_type": "storage", "damage_per_sec": 0, "village_building_id": 56}, {"range": 0, "x_cor": 12, "y_cor": 16, "size_x": 2, "size_y": 2, "current_hp": 350, "splash_rad": 0, "building_name": "Wildfire Storage", "building_type": "storage", "damage_per_sec": 0, "village_building_id": 59}, {"range": 0, "x_cor": 13, "y_cor": 14, "size_x": 2, "size_y": 2, "current_hp": 350, "splash_rad": 0, "building_name": "Gold Storage", "building_type": "storage", "damage_per_sec": 0, "village_building_id": 55}, {"range": 0, "x_cor": 7, "y_cor": 9, "size_x": 4, "size_y": 4, "current_hp": 700, "splash_rad": 0, "building_name": "Main Castle", "building_type": "storage", "damage_per_sec": 0, "village_building_id": 38}, {"range": 0, "x_cor": 3, "y_cor": 11, "size_x": 4, "size_y": 4, "current_hp": 350, "splash_rad": 0, "building_name": "Army Camp", "building_type": "storage", "damage_per_sec": 0, "village_building_id": 45}, {"range": 0, "x_cor": 13, "y_cor": 9, "size_x": 2, "size_y": 2, "current_hp": 350, "splash_rad": 0, "building_name": "Iron Storage", "building_type": "storage", "damage_per_sec": 0, "village_building_id": 57}, {"range": 0, "x_cor": 5, "y_cor": 9, "size_x": 2, "size_y": 2, "current_hp": 350, "splash_rad": 0, "building_name": "Iron Storage", "building_type": "storage", "damage_per_sec": 0, "village_building_id": 58}, {"range": 0, "x_cor": 9, "y_cor": 16, "size_x": 2, "size_y": 2, "current_hp": 250, "splash_rad": 0, "building_name": "Alchemist Laboratory", "building_type": "producer", "damage_per_sec": 0, "village_building_id": 41}, {"range": 0, "x_cor": 15, "y_cor": 6, "size_x": 4, "size_y": 4, "current_hp": 350, "splash_rad": 0, "building_name": "Army Camp", "building_type": "storage", "damage_per_sec": 0, "village_building_id": 44}, {"range": 0, "x_cor": 13, "y_cor": 11, "size_x": 3, "size_y": 3, "current_hp": 400, "splash_rad": 0, "building_name": "Barracks", "building_type": "producer", "damage_per_sec": 0, "village_building_id": 42}, {"range": 0, "x_cor": 4, "y_cor": 5, "size_x": 2, "size_y": 2, "current_hp": 300, "splash_rad": 0, "building_name": "Gold Mine", "building_type": "producer", "damage_per_sec": 0, "village_building_id": 53}, {"range": 0, "x_cor": 4, "y_cor": 7, "size_x": 2, "size_y": 2, "current_hp": 300, "splash_rad": 0, "building_name": "Gold Mine", "building_type": "producer", "damage_per_sec": 0, "village_building_id": 54}, {"range": 0, "x_cor": 7, "y_cor": 13, "size_x": 3, "size_y": 3, "current_hp": 500, "splash_rad": 0, "building_name": "Armory (Upgrade Lab)", "building_type": "producer", "damage_per_sec": 0, "village_building_id": 43}, {"range": 0, "x_cor": 9, "y_cor": 4, "size_x": 2, "size_y": 2, "current_hp": 300, "splash_rad": 0, "building_name": "Iron Mine", "building_type": "producer", "damage_per_sec": 0, "village_building_id": 40}, {"range": 0, "x_cor": 12, "y_cor": 7, "size_x": 2, "size_y": 2, "current_hp": 300, "splash_rad": 0, "building_name": "Iron Mine", "building_type": "producer", "damage_per_sec": 0, "village_building_id": 39}], "attacker_deployment": [{"x": 11, "y": 14, "hp": 110, "speed": 12, "damage": 14, "quantity": 11, "troop_id": 5, "troop_type": "Westerosi Man-at-Arms (Sword, Unarmored)"}, {"x": 10, "y": 7, "hp": 100, "speed": 14, "damage": 15, "quantity": 9, "troop_id": 1, "troop_type": "Unsullied Footman (Spear, Unarmored)"}]}', 0);
INSERT INTO public.battles (id, attacker_id, defender_id, trophies_gained, star_earned, gold_looted, iron_looted, took_place, replay_data, wildfire_looted) VALUES (11, 43, 38, 29, 3, 42, 282, '2026-06-21 02:13:56.14382+05:30', '{"defender_snapshot": [{"range": 12, "x_cor": 11, "y_cor": 10, "size_x": 2, "size_y": 2, "current_hp": 450, "splash_rad": 0, "building_name": "Scorpion Bolt Launcher", "building_type": "defense", "damage_per_sec": 25, "village_building_id": 64}, {"range": 0, "x_cor": 13, "y_cor": 12, "size_x": 4, "size_y": 4, "current_hp": 350, "splash_rad": 0, "building_name": "Army Camp", "building_type": "storage", "damage_per_sec": 0, "village_building_id": 73}, {"range": 0, "x_cor": 7, "y_cor": 6, "size_x": 2, "size_y": 2, "current_hp": 350, "splash_rad": 0, "building_name": "Wildfire Storage", "building_type": "storage", "damage_per_sec": 0, "village_building_id": 72}, {"range": 0, "x_cor": 7, "y_cor": 8, "size_x": 4, "size_y": 4, "current_hp": 700, "splash_rad": 0, "building_name": "Main Castle", "building_type": "storage", "damage_per_sec": 0, "village_building_id": 60}, {"range": 0, "x_cor": 15, "y_cor": 6, "size_x": 2, "size_y": 2, "current_hp": 300, "splash_rad": 0, "building_name": "Iron Mine", "building_type": "producer", "damage_per_sec": 0, "village_building_id": 70}, {"range": 0, "x_cor": 9, "y_cor": 12, "size_x": 4, "size_y": 4, "current_hp": 350, "splash_rad": 0, "building_name": "Army Camp", "building_type": "storage", "damage_per_sec": 0, "village_building_id": 63}, {"range": 0, "x_cor": 4, "y_cor": 8, "size_x": 2, "size_y": 2, "current_hp": 250, "splash_rad": 0, "building_name": "Alchemist Laboratory", "building_type": "producer", "damage_per_sec": 0, "village_building_id": 71}, {"range": 0, "x_cor": 12, "y_cor": 7, "size_x": 3, "size_y": 3, "current_hp": 400, "splash_rad": 0, "building_name": "Barracks", "building_type": "producer", "damage_per_sec": 0, "village_building_id": 61}, {"range": 0, "x_cor": 4, "y_cor": 12, "size_x": 2, "size_y": 2, "current_hp": 300, "splash_rad": 0, "building_name": "Gold Mine", "building_type": "producer", "damage_per_sec": 0, "village_building_id": 68}, {"range": 0, "x_cor": 9, "y_cor": 5, "size_x": 3, "size_y": 3, "current_hp": 500, "splash_rad": 0, "building_name": "Armory (Upgrade Lab)", "building_type": "producer", "damage_per_sec": 0, "village_building_id": 62}, {"range": 0, "x_cor": 4, "y_cor": 10, "size_x": 2, "size_y": 2, "current_hp": 300, "splash_rad": 0, "building_name": "Iron Mine", "building_type": "producer", "damage_per_sec": 0, "village_building_id": 65}, {"range": 0, "x_cor": 15, "y_cor": 16, "size_x": 4, "size_y": 4, "current_hp": 350, "splash_rad": 0, "building_name": "Army Camp", "building_type": "storage", "damage_per_sec": 0, "village_building_id": 74}, {"range": 0, "x_cor": 16, "y_cor": 4, "size_x": 2, "size_y": 2, "current_hp": 350, "splash_rad": 0, "building_name": "Gold Storage", "building_type": "storage", "damage_per_sec": 0, "village_building_id": 69}, {"range": 0, "x_cor": 12, "y_cor": 4, "size_x": 2, "size_y": 2, "current_hp": 350, "splash_rad": 0, "building_name": "Gold Storage", "building_type": "storage", "damage_per_sec": 0, "village_building_id": 66}, {"range": 0, "x_cor": 14, "y_cor": 4, "size_x": 2, "size_y": 2, "current_hp": 350, "splash_rad": 0, "building_name": "Iron Storage", "building_type": "storage", "damage_per_sec": 0, "village_building_id": 67}], "attacker_deployment": [{"x": 12, "y": 11, "hp": 110, "speed": 18, "damage": 28, "quantity": 16, "troop_id": 3, "troop_type": "Dothraki Foot-Screamer (Sword)"}, {"x": 5, "y": 11, "hp": 180, "speed": 12, "damage": 28, "quantity": 3, "troop_id": 2, "troop_type": "Unsullied Veteran (Spear, Armored)"}]}', 30);
INSERT INTO public.battles (id, attacker_id, defender_id, trophies_gained, star_earned, gold_looted, iron_looted, took_place, replay_data, wildfire_looted) VALUES (12, 44, 48, 30, 3, 3000, 3000, '2026-06-22 12:44:56.294957+05:30', '{"defender_snapshot": [{"range": 0, "x_cor": 8, "y_cor": 8, "size_x": 4, "size_y": 4, "current_hp": 700, "splash_rad": 0, "building_name": "Main Castle", "building_type": "storage", "damage_per_sec": 0, "village_building_id": 120}], "attacker_deployment": [{"x": 13, "y": 10, "hp": 115, "speed": 12, "damage": 18, "quantity": 2, "troop_id": 5, "troop_type": "Westerosi Man-at-Arms (Sword, Unarmored)"}]}', 3000);
INSERT INTO public.battles (id, attacker_id, defender_id, trophies_gained, star_earned, gold_looted, iron_looted, took_place, replay_data, wildfire_looted) VALUES (13, 44, 35, 29, 3, 300, 255, '2026-06-22 12:46:17.627786+05:30', '{"defender_snapshot": [{"range": 0, "x_cor": 14, "y_cor": 3, "size_x": 2, "size_y": 2, "current_hp": 300, "splash_rad": 0, "building_name": "Iron Mine", "building_type": "producer", "damage_per_sec": 0, "village_building_id": 35}, {"range": 0, "x_cor": 4, "y_cor": 2, "size_x": 4, "size_y": 4, "current_hp": 700, "splash_rad": 0, "building_name": "Main Castle", "building_type": "storage", "damage_per_sec": 0, "village_building_id": 34}], "attacker_deployment": [{"x": 14, "y": 6, "hp": 110, "speed": 18, "damage": 28, "quantity": 4, "troop_id": 3, "troop_type": "Dothraki Foot-Screamer (Sword)"}]}', 300);
INSERT INTO public.battles (id, attacker_id, defender_id, trophies_gained, star_earned, gold_looted, iron_looted, took_place, replay_data, wildfire_looted) VALUES (14, 43, 40, 29, 3, 147, 21, '2026-06-22 15:52:14.824681+05:30', '{"defender_snapshot": [{"range": 0, "x_cor": 7, "y_cor": 6, "size_x": 2, "size_y": 2, "current_hp": 300, "splash_rad": 0, "building_name": "Iron Mine", "building_type": "producer", "damage_per_sec": 0, "village_building_id": 77}, {"range": 0, "x_cor": 5, "y_cor": 10, "size_x": 3, "size_y": 3, "current_hp": 500, "splash_rad": 0, "building_name": "Armory (Upgrade Lab)", "building_type": "producer", "damage_per_sec": 0, "village_building_id": 79}, {"range": 0, "x_cor": 6, "y_cor": 8, "size_x": 2, "size_y": 2, "current_hp": 300, "splash_rad": 0, "building_name": "Iron Mine", "building_type": "producer", "damage_per_sec": 0, "village_building_id": 86}, {"range": 0, "x_cor": 9, "y_cor": 5, "size_x": 3, "size_y": 3, "current_hp": 400, "splash_rad": 0, "building_name": "Barracks", "building_type": "producer", "damage_per_sec": 0, "village_building_id": 78}, {"range": 0, "x_cor": 8, "y_cor": 12, "size_x": 4, "size_y": 4, "current_hp": 350, "splash_rad": 0, "building_name": "Army Camp", "building_type": "storage", "damage_per_sec": 0, "village_building_id": 85}, {"range": 0, "x_cor": 12, "y_cor": 10, "size_x": 2, "size_y": 2, "current_hp": 350, "splash_rad": 0, "building_name": "Gold Storage", "building_type": "storage", "damage_per_sec": 0, "village_building_id": 82}, {"range": 0, "x_cor": 12, "y_cor": 6, "size_x": 4, "size_y": 4, "current_hp": 350, "splash_rad": 0, "building_name": "Army Camp", "building_type": "storage", "damage_per_sec": 0, "village_building_id": 84}, {"range": 0, "x_cor": 14, "y_cor": 10, "size_x": 2, "size_y": 2, "current_hp": 350, "splash_rad": 0, "building_name": "Gold Storage", "building_type": "storage", "damage_per_sec": 0, "village_building_id": 83}, {"range": 0, "x_cor": 8, "y_cor": 8, "size_x": 4, "size_y": 4, "current_hp": 700, "splash_rad": 0, "building_name": "Main Castle", "building_type": "storage", "damage_per_sec": 0, "village_building_id": 76}, {"range": 0, "x_cor": 13, "y_cor": 13, "size_x": 4, "size_y": 4, "current_hp": 350, "splash_rad": 0, "building_name": "Army Camp", "building_type": "storage", "damage_per_sec": 0, "village_building_id": 81}], "attacker_deployment": [{"x": 17, "y": 10, "hp": 150, "speed": 10, "damage": 25, "quantity": 2, "troop_id": 8, "troop_type": "Westerosi Marksman (Bow, Armored)"}, {"x": 5, "y": 6, "hp": 180, "speed": 12, "damage": 28, "quantity": 1, "troop_id": 2, "troop_type": "Unsullied Veteran (Spear, Armored)"}, {"x": 3, "y": 10, "hp": 120, "speed": 14, "damage": 22, "quantity": 1, "troop_id": 1, "troop_type": "Unsullied Footman (Spear, Unarmored)"}]}', 0);
INSERT INTO public.battles (id, attacker_id, defender_id, trophies_gained, star_earned, gold_looted, iron_looted, took_place, replay_data, wildfire_looted) VALUES (15, 43, 39, 1, 0, 0, 0, '2026-06-22 15:54:10.727819+05:30', '{"defender_snapshot": [{"range": 0, "x_cor": 9, "y_cor": 7, "size_x": 4, "size_y": 4, "current_hp": 700, "splash_rad": 0, "building_name": "Main Castle", "building_type": "storage", "damage_per_sec": 0, "village_building_id": 75}, {"range": 0, "x_cor": 6, "y_cor": 11, "size_x": 3, "size_y": 3, "current_hp": 500, "splash_rad": 0, "building_name": "Armory (Upgrade Lab)", "building_type": "producer", "damage_per_sec": 0, "village_building_id": 117}, {"range": 0, "x_cor": 5, "y_cor": 14, "size_x": 2, "size_y": 2, "current_hp": 300, "splash_rad": 0, "building_name": "Iron Mine", "building_type": "producer", "damage_per_sec": 0, "village_building_id": 125}, {"range": 0, "x_cor": 3, "y_cor": 13, "size_x": 2, "size_y": 2, "current_hp": 300, "splash_rad": 0, "building_name": "Gold Mine", "building_type": "producer", "damage_per_sec": 0, "village_building_id": 124}, {"range": 0, "x_cor": 6, "y_cor": 6, "size_x": 2, "size_y": 2, "current_hp": 300, "splash_rad": 0, "building_name": "Gold Mine", "building_type": "producer", "damage_per_sec": 0, "village_building_id": 115}, {"range": 10, "x_cor": 6, "y_cor": 8, "size_x": 3, "size_y": 3, "current_hp": 600, "splash_rad": 4, "building_name": "Wildfire Catapult", "building_type": "defense", "damage_per_sec": 35, "village_building_id": 113}, {"range": 12, "x_cor": 11, "y_cor": 11, "size_x": 2, "size_y": 2, "current_hp": 450, "splash_rad": 0, "building_name": "Scorpion Bolt Launcher", "building_type": "defense", "damage_per_sec": 25, "village_building_id": 112}, {"range": 12, "x_cor": 13, "y_cor": 6, "size_x": 2, "size_y": 2, "current_hp": 450, "splash_rad": 0, "building_name": "Scorpion Bolt Launcher", "building_type": "defense", "damage_per_sec": 25, "village_building_id": 114}, {"range": 0, "x_cor": 14, "y_cor": 13, "size_x": 4, "size_y": 4, "current_hp": 350, "splash_rad": 0, "building_name": "Army Camp", "building_type": "storage", "damage_per_sec": 0, "village_building_id": 121}, {"range": 0, "x_cor": 11, "y_cor": 4, "size_x": 2, "size_y": 2, "current_hp": 350, "splash_rad": 0, "building_name": "Iron Storage", "building_type": "storage", "damage_per_sec": 0, "village_building_id": 119}, {"range": 0, "x_cor": 8, "y_cor": 5, "size_x": 2, "size_y": 2, "current_hp": 350, "splash_rad": 0, "building_name": "Wildfire Storage", "building_type": "storage", "damage_per_sec": 0, "village_building_id": 118}, {"range": 0, "x_cor": 8, "y_cor": 14, "size_x": 2, "size_y": 2, "current_hp": 350, "splash_rad": 0, "building_name": "Gold Storage", "building_type": "storage", "damage_per_sec": 0, "village_building_id": 123}, {"range": 0, "x_cor": 4, "y_cor": 9, "size_x": 2, "size_y": 2, "current_hp": 250, "splash_rad": 0, "building_name": "Alchemist Laboratory", "building_type": "producer", "damage_per_sec": 0, "village_building_id": 116}, {"range": 0, "x_cor": 13, "y_cor": 9, "size_x": 3, "size_y": 3, "current_hp": 400, "splash_rad": 0, "building_name": "Barracks", "building_type": "producer", "damage_per_sec": 0, "village_building_id": 122}], "attacker_deployment": [{"x": 8, "y": 9, "hp": 180, "speed": 12, "damage": 28, "quantity": 1, "troop_id": 2, "troop_type": "Unsullied Veteran (Spear, Armored)"}, {"x": 7, "y": 10, "hp": 110, "speed": 18, "damage": 28, "quantity": 1, "troop_id": 3, "troop_type": "Dothraki Foot-Screamer (Sword)"}, {"x": 7, "y": 8, "hp": 115, "speed": 12, "damage": 18, "quantity": 1, "troop_id": 5, "troop_type": "Westerosi Man-at-Arms (Sword, Unarmored)"}]}', 0);
INSERT INTO public.battles (id, attacker_id, defender_id, trophies_gained, star_earned, gold_looted, iron_looted, took_place, replay_data, wildfire_looted) VALUES (16, 43, 47, 28, 3, 3000, 3000, '2026-06-22 15:57:09.151613+05:30', '{"defender_snapshot": [{"range": 0, "x_cor": 8, "y_cor": 8, "size_x": 4, "size_y": 4, "current_hp": 700, "splash_rad": 0, "building_name": "Main Castle", "building_type": "storage", "damage_per_sec": 0, "village_building_id": 111}], "attacker_deployment": [{"x": 19, "y": 0, "hp": 150, "speed": 10, "damage": 25, "quantity": 6, "troop_id": 8, "troop_type": "Westerosi Marksman (Bow, Armored)"}]}', 3000);
INSERT INTO public.battles (id, attacker_id, defender_id, trophies_gained, star_earned, gold_looted, iron_looted, took_place, replay_data, wildfire_looted) VALUES (17, 44, 37, 1, 0, 0, 0, '2026-07-06 18:32:22.677386+05:30', '{"defender_snapshot": [{"range": 10, "x_cor": 9, "y_cor": 6, "size_x": 3, "size_y": 3, "current_hp": 600, "splash_rad": 4, "building_name": "Wildfire Catapult", "building_type": "defense", "damage_per_sec": 35, "village_building_id": 51}, {"range": 10, "x_cor": 10, "y_cor": 13, "size_x": 3, "size_y": 3, "current_hp": 600, "splash_rad": 4, "building_name": "Wildfire Catapult", "building_type": "defense", "damage_per_sec": 35, "village_building_id": 52}, {"range": 12, "x_cor": 7, "y_cor": 7, "size_x": 2, "size_y": 2, "current_hp": 450, "splash_rad": 0, "building_name": "Scorpion Bolt Launcher", "building_type": "defense", "damage_per_sec": 25, "village_building_id": 50}, {"range": 12, "x_cor": 11, "y_cor": 11, "size_x": 2, "size_y": 2, "current_hp": 450, "splash_rad": 0, "building_name": "Scorpion Bolt Launcher", "building_type": "defense", "damage_per_sec": 25, "village_building_id": 48}, {"range": 12, "x_cor": 11, "y_cor": 9, "size_x": 2, "size_y": 2, "current_hp": 450, "splash_rad": 0, "building_name": "Scorpion Bolt Launcher", "building_type": "defense", "damage_per_sec": 25, "village_building_id": 49}, {"range": 0, "x_cor": 12, "y_cor": 2, "size_x": 4, "size_y": 4, "current_hp": 350, "splash_rad": 0, "building_name": "Army Camp", "building_type": "storage", "damage_per_sec": 0, "village_building_id": 46}, {"range": 0, "x_cor": 6, "y_cor": 5, "size_x": 2, "size_y": 2, "current_hp": 350, "splash_rad": 0, "building_name": "Gold Storage", "building_type": "storage", "damage_per_sec": 0, "village_building_id": 56}, {"range": 0, "x_cor": 12, "y_cor": 16, "size_x": 2, "size_y": 2, "current_hp": 350, "splash_rad": 0, "building_name": "Wildfire Storage", "building_type": "storage", "damage_per_sec": 0, "village_building_id": 59}, {"range": 0, "x_cor": 13, "y_cor": 14, "size_x": 2, "size_y": 2, "current_hp": 350, "splash_rad": 0, "building_name": "Gold Storage", "building_type": "storage", "damage_per_sec": 0, "village_building_id": 55}, {"range": 0, "x_cor": 7, "y_cor": 9, "size_x": 4, "size_y": 4, "current_hp": 700, "splash_rad": 0, "building_name": "Main Castle", "building_type": "storage", "damage_per_sec": 0, "village_building_id": 38}, {"range": 0, "x_cor": 3, "y_cor": 11, "size_x": 4, "size_y": 4, "current_hp": 350, "splash_rad": 0, "building_name": "Army Camp", "building_type": "storage", "damage_per_sec": 0, "village_building_id": 45}, {"range": 0, "x_cor": 13, "y_cor": 9, "size_x": 2, "size_y": 2, "current_hp": 350, "splash_rad": 0, "building_name": "Iron Storage", "building_type": "storage", "damage_per_sec": 0, "village_building_id": 57}, {"range": 0, "x_cor": 5, "y_cor": 9, "size_x": 2, "size_y": 2, "current_hp": 350, "splash_rad": 0, "building_name": "Iron Storage", "building_type": "storage", "damage_per_sec": 0, "village_building_id": 58}, {"range": 0, "x_cor": 9, "y_cor": 16, "size_x": 2, "size_y": 2, "current_hp": 250, "splash_rad": 0, "building_name": "Alchemist Laboratory", "building_type": "producer", "damage_per_sec": 0, "village_building_id": 41}, {"range": 0, "x_cor": 15, "y_cor": 6, "size_x": 4, "size_y": 4, "current_hp": 350, "splash_rad": 0, "building_name": "Army Camp", "building_type": "storage", "damage_per_sec": 0, "village_building_id": 44}, {"range": 0, "x_cor": 13, "y_cor": 11, "size_x": 3, "size_y": 3, "current_hp": 400, "splash_rad": 0, "building_name": "Barracks", "building_type": "producer", "damage_per_sec": 0, "village_building_id": 42}, {"range": 0, "x_cor": 4, "y_cor": 5, "size_x": 2, "size_y": 2, "current_hp": 300, "splash_rad": 0, "building_name": "Gold Mine", "building_type": "producer", "damage_per_sec": 0, "village_building_id": 53}, {"range": 0, "x_cor": 4, "y_cor": 7, "size_x": 2, "size_y": 2, "current_hp": 300, "splash_rad": 0, "building_name": "Gold Mine", "building_type": "producer", "damage_per_sec": 0, "village_building_id": 54}, {"range": 0, "x_cor": 7, "y_cor": 13, "size_x": 3, "size_y": 3, "current_hp": 500, "splash_rad": 0, "building_name": "Armory (Upgrade Lab)", "building_type": "producer", "damage_per_sec": 0, "village_building_id": 43}, {"range": 0, "x_cor": 9, "y_cor": 4, "size_x": 2, "size_y": 2, "current_hp": 300, "splash_rad": 0, "building_name": "Iron Mine", "building_type": "producer", "damage_per_sec": 0, "village_building_id": 40}, {"range": 0, "x_cor": 12, "y_cor": 7, "size_x": 2, "size_y": 2, "current_hp": 300, "splash_rad": 0, "building_name": "Iron Mine", "building_type": "producer", "damage_per_sec": 0, "village_building_id": 39}], "attacker_deployment": [{"x": 11, "y": 14, "hp": 180, "speed": 12, "damage": 28, "quantity": 17, "troop_id": 2, "troop_type": "Unsullied Veteran (Spear, Armored)"}]}', 0);
INSERT INTO public.battles (id, attacker_id, defender_id, trophies_gained, star_earned, gold_looted, iron_looted, took_place, replay_data, wildfire_looted) VALUES (18, 44, 40, 28, 3, 102, 14, '2026-07-06 18:41:27.518904+05:30', '{"defender_snapshot": [{"range": 0, "x_cor": 7, "y_cor": 6, "size_x": 2, "size_y": 2, "current_hp": 300, "splash_rad": 0, "building_name": "Iron Mine", "building_type": "producer", "damage_per_sec": 0, "village_building_id": 77}, {"range": 0, "x_cor": 5, "y_cor": 10, "size_x": 3, "size_y": 3, "current_hp": 500, "splash_rad": 0, "building_name": "Armory (Upgrade Lab)", "building_type": "producer", "damage_per_sec": 0, "village_building_id": 79}, {"range": 0, "x_cor": 6, "y_cor": 8, "size_x": 2, "size_y": 2, "current_hp": 300, "splash_rad": 0, "building_name": "Iron Mine", "building_type": "producer", "damage_per_sec": 0, "village_building_id": 86}, {"range": 0, "x_cor": 9, "y_cor": 5, "size_x": 3, "size_y": 3, "current_hp": 400, "splash_rad": 0, "building_name": "Barracks", "building_type": "producer", "damage_per_sec": 0, "village_building_id": 78}, {"range": 0, "x_cor": 8, "y_cor": 12, "size_x": 4, "size_y": 4, "current_hp": 350, "splash_rad": 0, "building_name": "Army Camp", "building_type": "storage", "damage_per_sec": 0, "village_building_id": 85}, {"range": 0, "x_cor": 12, "y_cor": 10, "size_x": 2, "size_y": 2, "current_hp": 350, "splash_rad": 0, "building_name": "Gold Storage", "building_type": "storage", "damage_per_sec": 0, "village_building_id": 82}, {"range": 0, "x_cor": 12, "y_cor": 6, "size_x": 4, "size_y": 4, "current_hp": 350, "splash_rad": 0, "building_name": "Army Camp", "building_type": "storage", "damage_per_sec": 0, "village_building_id": 84}, {"range": 0, "x_cor": 14, "y_cor": 10, "size_x": 2, "size_y": 2, "current_hp": 350, "splash_rad": 0, "building_name": "Gold Storage", "building_type": "storage", "damage_per_sec": 0, "village_building_id": 83}, {"range": 0, "x_cor": 8, "y_cor": 8, "size_x": 4, "size_y": 4, "current_hp": 700, "splash_rad": 0, "building_name": "Main Castle", "building_type": "storage", "damage_per_sec": 0, "village_building_id": 76}, {"range": 0, "x_cor": 13, "y_cor": 13, "size_x": 4, "size_y": 4, "current_hp": 350, "splash_rad": 0, "building_name": "Army Camp", "building_type": "storage", "damage_per_sec": 0, "village_building_id": 81}], "attacker_deployment": [{"x": 14, "y": 5, "hp": 95, "speed": 12, "damage": 18, "quantity": 1, "troop_id": 7, "troop_type": "Westerosi Archer (Bow, Unarmored)"}, {"x": 4, "y": 7, "hp": 115, "speed": 12, "damage": 18, "quantity": 1, "troop_id": 5, "troop_type": "Westerosi Man-at-Arms (Sword, Unarmored)"}, {"x": 0, "y": 0, "hp": 120, "speed": 14, "damage": 22, "quantity": 1, "troop_id": 1, "troop_type": "Unsullied Footman (Spear, Unarmored)"}]}', 0);
INSERT INTO public.battles (id, attacker_id, defender_id, trophies_gained, star_earned, gold_looted, iron_looted, took_place, replay_data, wildfire_looted) VALUES (19, 44, 64, 28, 3, 3000, 2400, '2026-07-11 22:15:11.747247+05:30', '{"defender_snapshot": [{"range": 0, "x_cor": 1, "y_cor": 7, "size_x": 2, "size_y": 2, "current_hp": 350, "splash_rad": 0, "building_name": "Gold Storage", "building_type": "storage", "damage_per_sec": 0, "village_building_id": 162}, {"range": 0, "x_cor": 1, "y_cor": 7, "size_x": 2, "size_y": 2, "current_hp": 350, "splash_rad": 0, "building_name": "Iron Storage", "building_type": "storage", "damage_per_sec": 0, "village_building_id": 163}, {"range": 0, "x_cor": 13, "y_cor": 0, "size_x": 4, "size_y": 4, "current_hp": 350, "splash_rad": 0, "building_name": "Army Camp", "building_type": "storage", "damage_per_sec": 0, "village_building_id": 169}, {"range": 0, "x_cor": 8, "y_cor": 8, "size_x": 4, "size_y": 4, "current_hp": 700, "splash_rad": 0, "building_name": "Main Castle", "building_type": "storage", "damage_per_sec": 0, "village_building_id": 159}, {"range": 0, "x_cor": 4, "y_cor": 8, "size_x": 2, "size_y": 2, "current_hp": 350, "splash_rad": 0, "building_name": "Gold Storage", "building_type": "storage", "damage_per_sec": 0, "village_building_id": 161}, {"range": 0, "x_cor": 2, "y_cor": 6, "size_x": 2, "size_y": 2, "current_hp": 350, "splash_rad": 0, "building_name": "Iron Storage", "building_type": "storage", "damage_per_sec": 0, "village_building_id": 164}, {"range": 0, "x_cor": 9, "y_cor": 2, "size_x": 4, "size_y": 4, "current_hp": 350, "splash_rad": 0, "building_name": "Army Camp", "building_type": "storage", "damage_per_sec": 0, "village_building_id": 166}, {"range": 0, "x_cor": 3, "y_cor": 3, "size_x": 3, "size_y": 3, "current_hp": 500, "splash_rad": 0, "building_name": "Armory (Upgrade Lab)", "building_type": "producer", "damage_per_sec": 0, "village_building_id": 170}, {"range": 0, "x_cor": 7, "y_cor": 1, "size_x": 2, "size_y": 2, "current_hp": 250, "splash_rad": 0, "building_name": "Alchemist Laboratory", "building_type": "producer", "damage_per_sec": 0, "village_building_id": 160}, {"range": 0, "x_cor": 14, "y_cor": 9, "size_x": 3, "size_y": 3, "current_hp": 400, "splash_rad": 0, "building_name": "Barracks", "building_type": "producer", "damage_per_sec": 0, "village_building_id": 167}, {"range": 0, "x_cor": 3, "y_cor": 10, "size_x": 2, "size_y": 2, "current_hp": 300, "splash_rad": 0, "building_name": "Iron Mine", "building_type": "producer", "damage_per_sec": 0, "village_building_id": 171}], "attacker_deployment": [{"x": 9, "y": 10, "hp": 110, "speed": 18, "damage": 28, "quantity": 4, "troop_id": 3, "troop_type": "Dothraki Foot-Screamer (Sword)"}]}', 3000);
INSERT INTO public.battles (id, attacker_id, defender_id, trophies_gained, star_earned, gold_looted, iron_looted, took_place, replay_data, wildfire_looted) VALUES (20, 98, 39, 1, 0, 0, 0, '2026-07-12 14:57:36.090109+05:30', '{"defender_snapshot": [{"range": 0, "x_cor": 9, "y_cor": 7, "size_x": 4, "size_y": 4, "current_hp": 700, "splash_rad": 0, "building_name": "Main Castle", "building_type": "storage", "damage_per_sec": 0, "village_building_id": 75}, {"range": 0, "x_cor": 6, "y_cor": 11, "size_x": 3, "size_y": 3, "current_hp": 500, "splash_rad": 0, "building_name": "Armory (Upgrade Lab)", "building_type": "producer", "damage_per_sec": 0, "village_building_id": 117}, {"range": 0, "x_cor": 5, "y_cor": 14, "size_x": 2, "size_y": 2, "current_hp": 300, "splash_rad": 0, "building_name": "Iron Mine", "building_type": "producer", "damage_per_sec": 0, "village_building_id": 125}, {"range": 0, "x_cor": 3, "y_cor": 13, "size_x": 2, "size_y": 2, "current_hp": 300, "splash_rad": 0, "building_name": "Gold Mine", "building_type": "producer", "damage_per_sec": 0, "village_building_id": 124}, {"range": 0, "x_cor": 6, "y_cor": 6, "size_x": 2, "size_y": 2, "current_hp": 300, "splash_rad": 0, "building_name": "Gold Mine", "building_type": "producer", "damage_per_sec": 0, "village_building_id": 115}, {"range": 10, "x_cor": 6, "y_cor": 8, "size_x": 3, "size_y": 3, "current_hp": 600, "splash_rad": 4, "building_name": "Wildfire Catapult", "building_type": "defense", "damage_per_sec": 35, "village_building_id": 113}, {"range": 12, "x_cor": 11, "y_cor": 11, "size_x": 2, "size_y": 2, "current_hp": 450, "splash_rad": 0, "building_name": "Scorpion Bolt Launcher", "building_type": "defense", "damage_per_sec": 25, "village_building_id": 112}, {"range": 12, "x_cor": 13, "y_cor": 6, "size_x": 2, "size_y": 2, "current_hp": 450, "splash_rad": 0, "building_name": "Scorpion Bolt Launcher", "building_type": "defense", "damage_per_sec": 25, "village_building_id": 114}, {"range": 0, "x_cor": 14, "y_cor": 13, "size_x": 4, "size_y": 4, "current_hp": 350, "splash_rad": 0, "building_name": "Army Camp", "building_type": "storage", "damage_per_sec": 0, "village_building_id": 121}, {"range": 0, "x_cor": 11, "y_cor": 4, "size_x": 2, "size_y": 2, "current_hp": 350, "splash_rad": 0, "building_name": "Iron Storage", "building_type": "storage", "damage_per_sec": 0, "village_building_id": 119}, {"range": 0, "x_cor": 8, "y_cor": 5, "size_x": 2, "size_y": 2, "current_hp": 350, "splash_rad": 0, "building_name": "Wildfire Storage", "building_type": "storage", "damage_per_sec": 0, "village_building_id": 118}, {"range": 0, "x_cor": 8, "y_cor": 14, "size_x": 2, "size_y": 2, "current_hp": 350, "splash_rad": 0, "building_name": "Gold Storage", "building_type": "storage", "damage_per_sec": 0, "village_building_id": 123}, {"range": 0, "x_cor": 4, "y_cor": 9, "size_x": 2, "size_y": 2, "current_hp": 250, "splash_rad": 0, "building_name": "Alchemist Laboratory", "building_type": "producer", "damage_per_sec": 0, "village_building_id": 116}, {"range": 0, "x_cor": 13, "y_cor": 9, "size_x": 3, "size_y": 3, "current_hp": 400, "splash_rad": 0, "building_name": "Barracks", "building_type": "producer", "damage_per_sec": 0, "village_building_id": 122}], "attacker_deployment": [{"x": 7, "y": 9, "hp": 120, "speed": 2, "damage": 22, "quantity": 5, "troop_id": 1, "troop_type": "Unsullied Footman (Spear, Unarmored)"}]}', 0);
INSERT INTO public.battles (id, attacker_id, defender_id, trophies_gained, star_earned, gold_looted, iron_looted, took_place, replay_data, wildfire_looted) VALUES (21, 98, 35, 29, 3, 210, 178, '2026-07-12 14:58:13.071921+05:30', '{"defender_snapshot": [{"range": 0, "x_cor": 14, "y_cor": 3, "size_x": 2, "size_y": 2, "current_hp": 300, "splash_rad": 0, "building_name": "Iron Mine", "building_type": "producer", "damage_per_sec": 0, "village_building_id": 35}, {"range": 0, "x_cor": 4, "y_cor": 2, "size_x": 4, "size_y": 4, "current_hp": 700, "splash_rad": 0, "building_name": "Main Castle", "building_type": "storage", "damage_per_sec": 0, "village_building_id": 34}], "attacker_deployment": [{"x": 17, "y": 18, "hp": 120, "speed": 2, "damage": 22, "quantity": 4, "troop_id": 1, "troop_type": "Unsullied Footman (Spear, Unarmored)"}]}', 210);


ALTER TABLE public.battles ENABLE TRIGGER ALL;

--
-- Data for Name: building; Type: TABLE DATA; Schema: public; Owner: lalo
--

ALTER TABLE public.building DISABLE TRIGGER ALL;

INSERT INTO public.building (id, building_name, size_x, size_y, max_no_allowed, type) VALUES (1, 'Iron Mine', 2, 2, 2, 'producer');
INSERT INTO public.building (id, building_name, size_x, size_y, max_no_allowed, type) VALUES (2, 'Alchemist Laboratory', 2, 2, 1, 'producer');
INSERT INTO public.building (id, building_name, size_x, size_y, max_no_allowed, type) VALUES (3, 'Barracks', 3, 3, 1, 'producer');
INSERT INTO public.building (id, building_name, size_x, size_y, max_no_allowed, type) VALUES (5, 'Army Camp', 4, 4, 3, 'storage');
INSERT INTO public.building (id, building_name, size_x, size_y, max_no_allowed, type) VALUES (6, 'Scorpion Bolt Launcher', 2, 2, 3, 'defense');
INSERT INTO public.building (id, building_name, size_x, size_y, max_no_allowed, type) VALUES (7, 'Wildfire Catapult', 3, 3, 2, 'defense');
INSERT INTO public.building (id, building_name, size_x, size_y, max_no_allowed, type) VALUES (8, 'Gold Mine', 2, 2, 2, 'producer');
INSERT INTO public.building (id, building_name, size_x, size_y, max_no_allowed, type) VALUES (9, 'Gold Storage', 2, 2, 2, 'storage');
INSERT INTO public.building (id, building_name, size_x, size_y, max_no_allowed, type) VALUES (10, 'Iron Storage', 2, 2, 2, 'storage');
INSERT INTO public.building (id, building_name, size_x, size_y, max_no_allowed, type) VALUES (11, 'Wildfire Storage', 2, 2, 1, 'storage');
INSERT INTO public.building (id, building_name, size_x, size_y, max_no_allowed, type) VALUES (12, 'Main Castle', 4, 4, 1, 'storage');
INSERT INTO public.building (id, building_name, size_x, size_y, max_no_allowed, type) VALUES (4, 'Armory (Upgrade Lab)', 3, 3, 1, 'producer');


ALTER TABLE public.building ENABLE TRIGGER ALL;

--
-- Data for Name: defense_building; Type: TABLE DATA; Schema: public; Owner: lalo
--

ALTER TABLE public.defense_building DISABLE TRIGGER ALL;

INSERT INTO public.defense_building (id, level, damage_per_sec, splash_rad, range, hp, upgrade_cost, upgrade_time) VALUES (6, 4, 95, 3, 14, 720, 6000, '02:00:00');
INSERT INTO public.defense_building (id, level, damage_per_sec, splash_rad, range, hp, upgrade_cost, upgrade_time) VALUES (7, 4, 120, 5, 12, 950, 15000, '08:00:00');
INSERT INTO public.defense_building (id, level, damage_per_sec, splash_rad, range, hp, upgrade_cost, upgrade_time) VALUES (6, 1, 25, 0, 12, 450, 400, '00:05:00');
INSERT INTO public.defense_building (id, level, damage_per_sec, splash_rad, range, hp, upgrade_cost, upgrade_time) VALUES (6, 3, 65, 0, 13, 610, 600, '00:45:00');
INSERT INTO public.defense_building (id, level, damage_per_sec, splash_rad, range, hp, upgrade_cost, upgrade_time) VALUES (6, 2, 40, 0, 12, 520, 500, '00:15:00');
INSERT INTO public.defense_building (id, level, damage_per_sec, splash_rad, range, hp, upgrade_cost, upgrade_time) VALUES (7, 2, 55, 4, 10, 690, 500, '01:00:00');
INSERT INTO public.defense_building (id, level, damage_per_sec, splash_rad, range, hp, upgrade_cost, upgrade_time) VALUES (7, 3, 80, 5, 11, 800, 600, '03:00:00');
INSERT INTO public.defense_building (id, level, damage_per_sec, splash_rad, range, hp, upgrade_cost, upgrade_time) VALUES (7, 1, 35, 4, 10, 600, 400, '00:20:00');
INSERT INTO public.defense_building (id, level, damage_per_sec, splash_rad, range, hp, upgrade_cost, upgrade_time) VALUES (6, 0, 0, 0, 0, 0, 0, '00:00:00');
INSERT INTO public.defense_building (id, level, damage_per_sec, splash_rad, range, hp, upgrade_cost, upgrade_time) VALUES (7, 0, 0, 0, 0, 0, 0, '00:00:00');


ALTER TABLE public.defense_building ENABLE TRIGGER ALL;

--
-- Data for Name: producer_building; Type: TABLE DATA; Schema: public; Owner: lalo
--

ALTER TABLE public.producer_building DISABLE TRIGGER ALL;

INSERT INTO public.producer_building (id, level, resource_type, production_rate, production_cap, hp, upgrade_cost, upgrade_time) VALUES (3, 1, 'none', 0, 0, 400, 200, '00:02:00');
INSERT INTO public.producer_building (id, level, resource_type, production_rate, production_cap, hp, upgrade_cost, upgrade_time) VALUES (8, 1, 'gold', 2, 600, 300, 150, '00:01:00');
INSERT INTO public.producer_building (id, level, resource_type, production_rate, production_cap, hp, upgrade_cost, upgrade_time) VALUES (1, 1, 'iron', 2, 600, 300, 150, '00:01:00');
INSERT INTO public.producer_building (id, level, resource_type, production_rate, production_cap, hp, upgrade_cost, upgrade_time) VALUES (1, 2, 'iron', 4, 1500, 360, 400, '00:05:00');
INSERT INTO public.producer_building (id, level, resource_type, production_rate, production_cap, hp, upgrade_cost, upgrade_time) VALUES (8, 2, 'gold', 4, 1500, 360, 400, '00:05:00');
INSERT INTO public.producer_building (id, level, resource_type, production_rate, production_cap, hp, upgrade_cost, upgrade_time) VALUES (1, 3, 'iron', 7, 3500, 430, 400, '00:20:00');
INSERT INTO public.producer_building (id, level, resource_type, production_rate, production_cap, hp, upgrade_cost, upgrade_time) VALUES (8, 3, 'gold', 7, 3500, 430, 400, '00:20:00');
INSERT INTO public.producer_building (id, level, resource_type, production_rate, production_cap, hp, upgrade_cost, upgrade_time) VALUES (2, 3, 'wildfire', 7, 1000, 380, 200, '00:45:00');
INSERT INTO public.producer_building (id, level, resource_type, production_rate, production_cap, hp, upgrade_cost, upgrade_time) VALUES (2, 2, 'wildfire', 4, 400, 310, 100, '00:15:00');
INSERT INTO public.producer_building (id, level, resource_type, production_rate, production_cap, hp, upgrade_cost, upgrade_time) VALUES (2, 1, 'wildfire', 2, 150, 250, 50, '00:03:00');
INSERT INTO public.producer_building (id, level, resource_type, production_rate, production_cap, hp, upgrade_cost, upgrade_time) VALUES (3, 3, 'none', 0, 0, 570, 500, '00:30:00');
INSERT INTO public.producer_building (id, level, resource_type, production_rate, production_cap, hp, upgrade_cost, upgrade_time) VALUES (3, 2, 'none', 0, 0, 480, 300, '00:10:00');
INSERT INTO public.producer_building (id, level, resource_type, production_rate, production_cap, hp, upgrade_cost, upgrade_time) VALUES (4, 3, 'none', 0, 0, 780, 500, '02:00:00');
INSERT INTO public.producer_building (id, level, resource_type, production_rate, production_cap, hp, upgrade_cost, upgrade_time) VALUES (4, 2, 'none', 0, 0, 620, 200, '00:30:00');
INSERT INTO public.producer_building (id, level, resource_type, production_rate, production_cap, hp, upgrade_cost, upgrade_time) VALUES (4, 1, 'none', 0, 0, 500, 100, '00:05:00');
INSERT INTO public.producer_building (id, level, resource_type, production_rate, production_cap, hp, upgrade_cost, upgrade_time) VALUES (1, 0, 'iron', 0, 0, 0, 0, '00:00:00');
INSERT INTO public.producer_building (id, level, resource_type, production_rate, production_cap, hp, upgrade_cost, upgrade_time) VALUES (8, 0, 'gold', 0, 0, 0, 0, '00:00:00');
INSERT INTO public.producer_building (id, level, resource_type, production_rate, production_cap, hp, upgrade_cost, upgrade_time) VALUES (2, 0, 'wildfire', 0, 0, 0, 0, '00:00:00');
INSERT INTO public.producer_building (id, level, resource_type, production_rate, production_cap, hp, upgrade_cost, upgrade_time) VALUES (3, 0, 'none', 0, 0, 0, 0, '00:00:00');
INSERT INTO public.producer_building (id, level, resource_type, production_rate, production_cap, hp, upgrade_cost, upgrade_time) VALUES (4, 0, 'none', 0, 0, 0, 0, '00:00:00');


ALTER TABLE public.producer_building ENABLE TRIGGER ALL;

--
-- Data for Name: storage_building; Type: TABLE DATA; Schema: public; Owner: lalo
--

ALTER TABLE public.storage_building DISABLE TRIGGER ALL;

INSERT INTO public.storage_building (id, level, resource_type, capacity, hp, upgrade_cost, upgrade_time) VALUES (5, 1, 'none', 20, 350, 250, '00:04:00');
INSERT INTO public.storage_building (id, level, resource_type, capacity, hp, upgrade_cost, upgrade_time) VALUES (9, 1, 'gold', 100, 350, 250, '00:04:00');
INSERT INTO public.storage_building (id, level, resource_type, capacity, hp, upgrade_cost, upgrade_time) VALUES (10, 1, 'iron', 100, 350, 250, '00:04:00');
INSERT INTO public.storage_building (id, level, resource_type, capacity, hp, upgrade_cost, upgrade_time) VALUES (11, 1, 'wildfire', 100, 350, 250, '00:04:00');
INSERT INTO public.storage_building (id, level, resource_type, capacity, hp, upgrade_cost, upgrade_time) VALUES (12, 1, 'iron', 900, 700, 0, '00:00:00');
INSERT INTO public.storage_building (id, level, resource_type, capacity, hp, upgrade_cost, upgrade_time) VALUES (5, 2, 'none', 30, 420, 350, '00:15:00');
INSERT INTO public.storage_building (id, level, resource_type, capacity, hp, upgrade_cost, upgrade_time) VALUES (5, 3, 'none', 45, 500, 500, '01:00:00');
INSERT INTO public.storage_building (id, level, resource_type, capacity, hp, upgrade_cost, upgrade_time) VALUES (9, 2, 'gold', 200, 420, 350, '00:15:00');
INSERT INTO public.storage_building (id, level, resource_type, capacity, hp, upgrade_cost, upgrade_time) VALUES (9, 3, 'gold', 350, 500, 500, '00:20:00');
INSERT INTO public.storage_building (id, level, resource_type, capacity, hp, upgrade_cost, upgrade_time) VALUES (10, 2, 'iron', 150, 420, 350, '00:15:00');
INSERT INTO public.storage_building (id, level, resource_type, capacity, hp, upgrade_cost, upgrade_time) VALUES (10, 3, 'iron', 175, 500, 500, '00:20:00');
INSERT INTO public.storage_building (id, level, resource_type, capacity, hp, upgrade_cost, upgrade_time) VALUES (11, 3, 'wildfire', 175, 500, 500, '00:20:00');
INSERT INTO public.storage_building (id, level, resource_type, capacity, hp, upgrade_cost, upgrade_time) VALUES (11, 2, 'wildfire', 150, 420, 350, '00:15:00');
INSERT INTO public.storage_building (id, level, resource_type, capacity, hp, upgrade_cost, upgrade_time) VALUES (12, 2, 'iron', 1500, 800, 800, '00:05:00');
INSERT INTO public.storage_building (id, level, resource_type, capacity, hp, upgrade_cost, upgrade_time) VALUES (12, 3, 'iron', 2000, 1000, 1300, '00:10:00');
INSERT INTO public.storage_building (id, level, resource_type, capacity, hp, upgrade_cost, upgrade_time) VALUES (5, 0, 'none', 0, 0, 0, '00:00:00');
INSERT INTO public.storage_building (id, level, resource_type, capacity, hp, upgrade_cost, upgrade_time) VALUES (9, 0, 'gold', 0, 0, 0, '00:00:00');
INSERT INTO public.storage_building (id, level, resource_type, capacity, hp, upgrade_cost, upgrade_time) VALUES (10, 0, 'iron', 0, 0, 0, '00:00:00');
INSERT INTO public.storage_building (id, level, resource_type, capacity, hp, upgrade_cost, upgrade_time) VALUES (11, 0, 'wildfire', 0, 0, 0, '00:00:00');
INSERT INTO public.storage_building (id, level, resource_type, capacity, hp, upgrade_cost, upgrade_time) VALUES (12, 0, 'iron', 0, 0, 0, '00:00:00');


ALTER TABLE public.storage_building ENABLE TRIGGER ALL;

--
-- Data for Name: troop_level_stat; Type: TABLE DATA; Schema: public; Owner: lalo
--

ALTER TABLE public.troop_level_stat DISABLE TRIGGER ALL;

INSERT INTO public.troop_level_stat (troop_id, level, hp, damage, unlocks_at_building_level) VALUES (1, 1, 100, 15, 1);
INSERT INTO public.troop_level_stat (troop_id, level, hp, damage, unlocks_at_building_level) VALUES (1, 2, 120, 22, 2);
INSERT INTO public.troop_level_stat (troop_id, level, hp, damage, unlocks_at_building_level) VALUES (2, 1, 180, 28, 2);
INSERT INTO public.troop_level_stat (troop_id, level, hp, damage, unlocks_at_building_level) VALUES (2, 2, 220, 36, 3);
INSERT INTO public.troop_level_stat (troop_id, level, hp, damage, unlocks_at_building_level) VALUES (3, 1, 90, 20, 2);
INSERT INTO public.troop_level_stat (troop_id, level, hp, damage, unlocks_at_building_level) VALUES (3, 2, 110, 28, 2);
INSERT INTO public.troop_level_stat (troop_id, level, hp, damage, unlocks_at_building_level) VALUES (5, 1, 110, 14, 1);
INSERT INTO public.troop_level_stat (troop_id, level, hp, damage, unlocks_at_building_level) VALUES (5, 2, 115, 18, 2);
INSERT INTO public.troop_level_stat (troop_id, level, hp, damage, unlocks_at_building_level) VALUES (7, 1, 95, 18, 2);
INSERT INTO public.troop_level_stat (troop_id, level, hp, damage, unlocks_at_building_level) VALUES (8, 1, 150, 25, 2);
INSERT INTO public.troop_level_stat (troop_id, level, hp, damage, unlocks_at_building_level) VALUES (9, 1, 80, 40, 2);
INSERT INTO public.troop_level_stat (troop_id, level, hp, damage, unlocks_at_building_level) VALUES (10, 1, 140, 55, 2);
INSERT INTO public.troop_level_stat (troop_id, level, hp, damage, unlocks_at_building_level) VALUES (11, 1, 210, 35, 3);
INSERT INTO public.troop_level_stat (troop_id, level, hp, damage, unlocks_at_building_level) VALUES (11, 2, 260, 48, 3);
INSERT INTO public.troop_level_stat (troop_id, level, hp, damage, unlocks_at_building_level) VALUES (13, 1, 230, 25, 3);
INSERT INTO public.troop_level_stat (troop_id, level, hp, damage, unlocks_at_building_level) VALUES (14, 1, 350, 42, 3);
INSERT INTO public.troop_level_stat (troop_id, level, hp, damage, unlocks_at_building_level) VALUES (16, 1, 180, 65, 3);


ALTER TABLE public.troop_level_stat ENABLE TRIGGER ALL;

--
-- Data for Name: village_building; Type: TABLE DATA; Schema: public; Owner: lalo
--

ALTER TABLE public.village_building DISABLE TRIGGER ALL;

INSERT INTO public.village_building (id, village_id, building_id, level, x_cor, y_cor, current_hp, last_collected, upgrade_started) VALUES (11, 19, 12, 1, 8, 8, 700, NULL, '2026-06-14 11:10:38.955476+05:30');
INSERT INTO public.village_building (id, village_id, building_id, level, x_cor, y_cor, current_hp, last_collected, upgrade_started) VALUES (34, 35, 12, 1, 4, 2, 700, '2026-06-18 01:19:30.925234+05:30', '2026-06-18 01:19:30.925234+05:30');
INSERT INTO public.village_building (id, village_id, building_id, level, x_cor, y_cor, current_hp, last_collected, upgrade_started) VALUES (35, 35, 1, 1, 14, 3, 300, '2026-06-18 01:20:02.92726+05:30', '2026-06-18 01:20:02.92726+05:30');
INSERT INTO public.village_building (id, village_id, building_id, level, x_cor, y_cor, current_hp, last_collected, upgrade_started) VALUES (77, 40, 1, 3, 7, 6, 300, '2026-06-19 22:38:17.436879+05:30', '2026-06-19 22:35:08.411109+05:30');
INSERT INTO public.village_building (id, village_id, building_id, level, x_cor, y_cor, current_hp, last_collected, upgrade_started) VALUES (51, 37, 7, 1, 9, 6, 600, '2026-06-18 01:24:33.930061+05:30', '2026-06-18 01:24:33.930061+05:30');
INSERT INTO public.village_building (id, village_id, building_id, level, x_cor, y_cor, current_hp, last_collected, upgrade_started) VALUES (12, 22, 12, 1, 8, 8, 700, '2026-06-15 02:47:47.288283+05:30', '2026-06-15 02:47:47.288283+05:30');
INSERT INTO public.village_building (id, village_id, building_id, level, x_cor, y_cor, current_hp, last_collected, upgrade_started) VALUES (14, 22, 8, 1, 0, 0, 300, '2026-06-15 02:53:00.221293+05:30', '2026-06-15 02:53:00.221293+05:30');
INSERT INTO public.village_building (id, village_id, building_id, level, x_cor, y_cor, current_hp, last_collected, upgrade_started) VALUES (16, 22, 8, 1, 5, 5, 300, '2026-06-15 02:54:11.684539+05:30', '2026-06-15 02:54:11.684539+05:30');
INSERT INTO public.village_building (id, village_id, building_id, level, x_cor, y_cor, current_hp, last_collected, upgrade_started) VALUES (17, 22, 1, 1, 15, 5, 300, '2026-06-15 02:55:56.535721+05:30', '2026-06-15 02:55:56.535721+05:30');
INSERT INTO public.village_building (id, village_id, building_id, level, x_cor, y_cor, current_hp, last_collected, upgrade_started) VALUES (18, 22, 5, 1, 15, 15, 350, '2026-06-15 03:02:19.878629+05:30', '2026-06-15 03:02:19.878629+05:30');
INSERT INTO public.village_building (id, village_id, building_id, level, x_cor, y_cor, current_hp, last_collected, upgrade_started) VALUES (19, 22, 4, 1, 6, 0, 500, '2026-06-15 03:26:45.750409+05:30', '2026-06-15 03:26:45.750409+05:30');
INSERT INTO public.village_building (id, village_id, building_id, level, x_cor, y_cor, current_hp, last_collected, upgrade_started) VALUES (22, 22, 3, 1, 16, 1, 400, '2026-06-15 03:28:49.249114+05:30', '2026-06-15 03:28:49.249114+05:30');
INSERT INTO public.village_building (id, village_id, building_id, level, x_cor, y_cor, current_hp, last_collected, upgrade_started) VALUES (25, 22, 9, 1, 18, 5, 350, '2026-06-15 03:39:07.221434+05:30', '2026-06-15 03:39:07.221434+05:30');
INSERT INTO public.village_building (id, village_id, building_id, level, x_cor, y_cor, current_hp, last_collected, upgrade_started) VALUES (36, 36, 12, 1, 3, 1, 700, '2026-06-18 01:21:08.315659+05:30', '2026-06-18 01:21:08.315659+05:30');
INSERT INTO public.village_building (id, village_id, building_id, level, x_cor, y_cor, current_hp, last_collected, upgrade_started) VALUES (27, 33, 12, 1, 8, 8, 700, '2026-06-17 17:15:24.593949+05:30', '2026-06-17 17:15:24.593949+05:30');
INSERT INTO public.village_building (id, village_id, building_id, level, x_cor, y_cor, current_hp, last_collected, upgrade_started) VALUES (37, 36, 1, 1, 5, 13, 300, '2026-06-18 01:21:23.815337+05:30', '2026-06-18 01:21:23.815337+05:30');
INSERT INTO public.village_building (id, village_id, building_id, level, x_cor, y_cor, current_hp, last_collected, upgrade_started) VALUES (52, 37, 7, 1, 10, 13, 600, '2026-06-18 01:24:40.3541+05:30', '2026-06-18 01:24:40.3541+05:30');
INSERT INTO public.village_building (id, village_id, building_id, level, x_cor, y_cor, current_hp, last_collected, upgrade_started) VALUES (79, 40, 4, 3, 5, 10, 500, '2026-06-19 22:32:38.67465+05:30', '2026-06-19 22:35:12.225644+05:30');
INSERT INTO public.village_building (id, village_id, building_id, level, x_cor, y_cor, current_hp, last_collected, upgrade_started) VALUES (1, 18, 12, 1, 10, 10, 700, NULL, '2026-06-13 21:07:36.679839+05:30');
INSERT INTO public.village_building (id, village_id, building_id, level, x_cor, y_cor, current_hp, last_collected, upgrade_started) VALUES (3, 18, 2, 1, 10, 1, 250, NULL, '2026-06-13 21:25:15.130322+05:30');
INSERT INTO public.village_building (id, village_id, building_id, level, x_cor, y_cor, current_hp, last_collected, upgrade_started) VALUES (4, 18, 3, 1, 1, 12, 400, NULL, '2026-06-14 00:36:56.309296+05:30');
INSERT INTO public.village_building (id, village_id, building_id, level, x_cor, y_cor, current_hp, last_collected, upgrade_started) VALUES (6, 18, 5, 1, 1, 1, 350, NULL, '2026-06-14 00:36:38.063564+05:30');
INSERT INTO public.village_building (id, village_id, building_id, level, x_cor, y_cor, current_hp, last_collected, upgrade_started) VALUES (7, 18, 6, 1, 15, 2, 450, NULL, '2026-06-14 10:59:25.676007+05:30');
INSERT INTO public.village_building (id, village_id, building_id, level, x_cor, y_cor, current_hp, last_collected, upgrade_started) VALUES (8, 18, 6, 1, 18, 5, 450, NULL, '2026-06-14 11:08:03.408062+05:30');
INSERT INTO public.village_building (id, village_id, building_id, level, x_cor, y_cor, current_hp, last_collected, upgrade_started) VALUES (10, 18, 6, 1, 17, 2, 450, NULL, '2026-06-14 11:09:00.978956+05:30');
INSERT INTO public.village_building (id, village_id, building_id, level, x_cor, y_cor, current_hp, last_collected, upgrade_started) VALUES (26, 23, 12, 1, 8, 7, 700, '2026-06-17 12:15:41.582107+05:30', '2026-06-17 12:15:41.582107+05:30');
INSERT INTO public.village_building (id, village_id, building_id, level, x_cor, y_cor, current_hp, last_collected, upgrade_started) VALUES (64, 38, 6, 1, 11, 10, 450, '2026-06-19 01:57:35.336491+05:30', '2026-06-19 01:57:44.094063+05:30');
INSERT INTO public.village_building (id, village_id, building_id, level, x_cor, y_cor, current_hp, last_collected, upgrade_started) VALUES (50, 37, 6, 1, 7, 7, 450, '2026-06-18 01:24:17.526402+05:30', '2026-06-18 01:24:17.526402+05:30');
INSERT INTO public.village_building (id, village_id, building_id, level, x_cor, y_cor, current_hp, last_collected, upgrade_started) VALUES (73, 38, 5, 1, 13, 12, 350, '2026-06-19 02:06:41.90512+05:30', '2026-06-19 02:06:41.90512+05:30');
INSERT INTO public.village_building (id, village_id, building_id, level, x_cor, y_cor, current_hp, last_collected, upgrade_started) VALUES (72, 38, 11, 1, 7, 6, 350, '2026-06-19 02:05:57.767951+05:30', '2026-06-19 02:05:57.767951+05:30');
INSERT INTO public.village_building (id, village_id, building_id, level, x_cor, y_cor, current_hp, last_collected, upgrade_started) VALUES (60, 38, 12, 1, 7, 8, 700, '2026-06-19 01:28:19.411298+05:30', '2026-06-19 01:28:19.411298+05:30');
INSERT INTO public.village_building (id, village_id, building_id, level, x_cor, y_cor, current_hp, last_collected, upgrade_started) VALUES (70, 38, 1, 1, 15, 6, 300, '2026-06-19 01:59:32.660491+05:30', '2026-06-19 01:59:32.660491+05:30');
INSERT INTO public.village_building (id, village_id, building_id, level, x_cor, y_cor, current_hp, last_collected, upgrade_started) VALUES (48, 37, 6, 1, 11, 11, 450, '2026-06-18 01:24:04.440886+05:30', '2026-06-18 01:24:04.440886+05:30');
INSERT INTO public.village_building (id, village_id, building_id, level, x_cor, y_cor, current_hp, last_collected, upgrade_started) VALUES (28, 34, 12, 1, 12, 12, 700, '2026-06-18 00:19:48.838815+05:30', '2026-06-18 00:19:48.838815+05:30');
INSERT INTO public.village_building (id, village_id, building_id, level, x_cor, y_cor, current_hp, last_collected, upgrade_started) VALUES (33, 34, 5, 1, 6, 12, 350, '2026-06-18 00:21:06.45375+05:30', '2026-06-18 00:21:06.45375+05:30');
INSERT INTO public.village_building (id, village_id, building_id, level, x_cor, y_cor, current_hp, last_collected, upgrade_started) VALUES (29, 34, 1, 1, 11, 1, 300, '2026-06-18 00:20:07.466493+05:30', '2026-06-18 00:20:07.466493+05:30');
INSERT INTO public.village_building (id, village_id, building_id, level, x_cor, y_cor, current_hp, last_collected, upgrade_started) VALUES (30, 34, 8, 1, 3, 3, 300, '2026-06-18 00:20:25.062445+05:30', '2026-06-18 00:20:25.062445+05:30');
INSERT INTO public.village_building (id, village_id, building_id, level, x_cor, y_cor, current_hp, last_collected, upgrade_started) VALUES (31, 34, 8, 1, 8, 3, 300, '2026-06-18 00:20:38.727471+05:30', '2026-06-18 00:20:38.727471+05:30');
INSERT INTO public.village_building (id, village_id, building_id, level, x_cor, y_cor, current_hp, last_collected, upgrade_started) VALUES (32, 34, 3, 1, 8, 5, 400, '2026-06-18 00:20:52.099364+05:30', '2026-06-18 00:20:52.099364+05:30');
INSERT INTO public.village_building (id, village_id, building_id, level, x_cor, y_cor, current_hp, last_collected, upgrade_started) VALUES (86, 40, 1, 3, 6, 8, 300, '2026-06-19 22:38:17.436879+05:30', '2026-06-19 22:38:19.252961+05:30');
INSERT INTO public.village_building (id, village_id, building_id, level, x_cor, y_cor, current_hp, last_collected, upgrade_started) VALUES (49, 37, 6, 1, 11, 9, 450, '2026-06-18 01:24:11.929538+05:30', '2026-06-18 01:24:11.929538+05:30');
INSERT INTO public.village_building (id, village_id, building_id, level, x_cor, y_cor, current_hp, last_collected, upgrade_started) VALUES (46, 37, 5, 2, 12, 2, 350, '2026-06-18 01:23:49.81873+05:30', '2026-06-19 22:01:08.36495+05:30');
INSERT INTO public.village_building (id, village_id, building_id, level, x_cor, y_cor, current_hp, last_collected, upgrade_started) VALUES (56, 37, 9, 2, 6, 5, 350, '2026-06-18 01:25:13.432837+05:30', '2026-06-19 22:02:07.489066+05:30');
INSERT INTO public.village_building (id, village_id, building_id, level, x_cor, y_cor, current_hp, last_collected, upgrade_started) VALUES (59, 37, 11, 3, 12, 16, 350, '2026-06-18 01:25:36.621141+05:30', '2026-06-19 22:22:55.617179+05:30');
INSERT INTO public.village_building (id, village_id, building_id, level, x_cor, y_cor, current_hp, last_collected, upgrade_started) VALUES (55, 37, 9, 1, 13, 14, 350, '2026-06-18 01:25:06.181251+05:30', '2026-06-19 21:41:55.763426+05:30');
INSERT INTO public.village_building (id, village_id, building_id, level, x_cor, y_cor, current_hp, last_collected, upgrade_started) VALUES (38, 37, 12, 1, 7, 9, 700, '2026-06-18 01:22:25.180577+05:30', '2026-06-18 01:22:25.180577+05:30');
INSERT INTO public.village_building (id, village_id, building_id, level, x_cor, y_cor, current_hp, last_collected, upgrade_started) VALUES (45, 37, 5, 1, 3, 11, 350, '2026-06-18 01:23:40.056989+05:30', '2026-06-18 01:23:40.056989+05:30');
INSERT INTO public.village_building (id, village_id, building_id, level, x_cor, y_cor, current_hp, last_collected, upgrade_started) VALUES (57, 37, 10, 1, 13, 9, 350, '2026-06-18 01:25:20.908428+05:30', '2026-06-18 01:25:20.908428+05:30');
INSERT INTO public.village_building (id, village_id, building_id, level, x_cor, y_cor, current_hp, last_collected, upgrade_started) VALUES (58, 37, 10, 1, 5, 9, 350, '2026-06-18 01:25:28.850578+05:30', '2026-06-18 01:25:28.850578+05:30');
INSERT INTO public.village_building (id, village_id, building_id, level, x_cor, y_cor, current_hp, last_collected, upgrade_started) VALUES (63, 38, 5, 1, 9, 12, 350, '2026-06-19 01:29:10.534302+05:30', '2026-06-19 01:29:10.534302+05:30');
INSERT INTO public.village_building (id, village_id, building_id, level, x_cor, y_cor, current_hp, last_collected, upgrade_started) VALUES (71, 38, 2, 1, 4, 8, 250, '2026-06-19 02:04:59.37659+05:30', '2026-06-19 02:04:59.37659+05:30');
INSERT INTO public.village_building (id, village_id, building_id, level, x_cor, y_cor, current_hp, last_collected, upgrade_started) VALUES (61, 38, 3, 1, 12, 7, 400, '2026-06-19 01:28:37.580114+05:30', '2026-06-19 01:57:22.163914+05:30');
INSERT INTO public.village_building (id, village_id, building_id, level, x_cor, y_cor, current_hp, last_collected, upgrade_started) VALUES (41, 37, 2, 1, 9, 16, 250, '2026-06-19 22:23:52.637758+05:30', '2026-06-18 01:22:59.365207+05:30');
INSERT INTO public.village_building (id, village_id, building_id, level, x_cor, y_cor, current_hp, last_collected, upgrade_started) VALUES (68, 38, 8, 1, 4, 12, 300, '2026-06-19 01:58:37.297419+05:30', '2026-06-19 01:58:37.297419+05:30');
INSERT INTO public.village_building (id, village_id, building_id, level, x_cor, y_cor, current_hp, last_collected, upgrade_started) VALUES (62, 38, 4, 1, 9, 5, 500, '2026-06-19 01:28:47.026543+05:30', '2026-06-19 01:28:47.026543+05:30');
INSERT INTO public.village_building (id, village_id, building_id, level, x_cor, y_cor, current_hp, last_collected, upgrade_started) VALUES (44, 37, 5, 2, 15, 6, 350, '2026-06-18 01:23:32.119471+05:30', '2026-06-19 22:25:38.981727+05:30');
INSERT INTO public.village_building (id, village_id, building_id, level, x_cor, y_cor, current_hp, last_collected, upgrade_started) VALUES (78, 40, 3, 3, 9, 5, 400, '2026-06-19 22:32:22.967563+05:30', '2026-06-19 22:35:17.532582+05:30');
INSERT INTO public.village_building (id, village_id, building_id, level, x_cor, y_cor, current_hp, last_collected, upgrade_started) VALUES (42, 37, 3, 2, 13, 11, 400, '2026-06-18 01:23:14.968282+05:30', '2026-06-19 22:24:13.409855+05:30');
INSERT INTO public.village_building (id, village_id, building_id, level, x_cor, y_cor, current_hp, last_collected, upgrade_started) VALUES (65, 38, 1, 1, 4, 10, 300, '2026-06-19 01:57:52.831112+05:30', '2026-06-19 02:00:06.896517+05:30');
INSERT INTO public.village_building (id, village_id, building_id, level, x_cor, y_cor, current_hp, last_collected, upgrade_started) VALUES (74, 38, 5, 1, 15, 16, 350, '2026-06-19 02:06:49.602854+05:30', '2026-06-19 02:06:49.602854+05:30');
INSERT INTO public.village_building (id, village_id, building_id, level, x_cor, y_cor, current_hp, last_collected, upgrade_started) VALUES (53, 37, 8, 1, 4, 5, 300, '2026-06-19 22:25:51.760464+05:30', '2026-06-18 01:24:50.29132+05:30');
INSERT INTO public.village_building (id, village_id, building_id, level, x_cor, y_cor, current_hp, last_collected, upgrade_started) VALUES (54, 37, 8, 1, 4, 7, 300, '2026-06-19 22:25:51.760464+05:30', '2026-06-18 01:24:58.489911+05:30');
INSERT INTO public.village_building (id, village_id, building_id, level, x_cor, y_cor, current_hp, last_collected, upgrade_started) VALUES (110, 46, 12, 1, 8, 8, 700, '2026-06-20 21:23:13.453437+05:30', '2001-09-11 19:16:00+05:30');
INSERT INTO public.village_building (id, village_id, building_id, level, x_cor, y_cor, current_hp, last_collected, upgrade_started) VALUES (89, 42, 3, 3, 14, 8, 400, '2026-06-19 23:49:49.305461+05:30', '2001-09-11 19:16:00+05:30');
INSERT INTO public.village_building (id, village_id, building_id, level, x_cor, y_cor, current_hp, last_collected, upgrade_started) VALUES (43, 37, 4, 2, 7, 13, 500, '2026-06-18 01:23:22.420389+05:30', '2026-06-19 22:24:30.144688+05:30');
INSERT INTO public.village_building (id, village_id, building_id, level, x_cor, y_cor, current_hp, last_collected, upgrade_started) VALUES (69, 38, 9, 1, 16, 4, 350, '2026-06-19 01:58:56.379269+05:30', '2026-06-19 01:58:56.379269+05:30');
INSERT INTO public.village_building (id, village_id, building_id, level, x_cor, y_cor, current_hp, last_collected, upgrade_started) VALUES (66, 38, 9, 1, 12, 4, 350, '2026-06-19 01:58:10.189656+05:30', '2026-06-19 01:58:10.189656+05:30');
INSERT INTO public.village_building (id, village_id, building_id, level, x_cor, y_cor, current_hp, last_collected, upgrade_started) VALUES (67, 38, 10, 1, 14, 4, 350, '2026-06-19 01:58:16.942267+05:30', '2026-06-19 01:58:16.942267+05:30');
INSERT INTO public.village_building (id, village_id, building_id, level, x_cor, y_cor, current_hp, last_collected, upgrade_started) VALUES (40, 37, 1, 1, 9, 4, 300, '2026-06-19 22:29:35.311005+05:30', '2026-06-19 18:45:26.484752+05:30');
INSERT INTO public.village_building (id, village_id, building_id, level, x_cor, y_cor, current_hp, last_collected, upgrade_started) VALUES (39, 37, 1, 1, 12, 7, 300, '2026-06-19 22:29:35.311005+05:30', '2026-06-18 01:22:38.889921+05:30');
INSERT INTO public.village_building (id, village_id, building_id, level, x_cor, y_cor, current_hp, last_collected, upgrade_started) VALUES (85, 40, 5, 3, 8, 12, 350, '2026-06-19 22:37:42.031645+05:30', '2026-06-19 22:37:44.50421+05:30');
INSERT INTO public.village_building (id, village_id, building_id, level, x_cor, y_cor, current_hp, last_collected, upgrade_started) VALUES (82, 40, 9, 3, 12, 10, 350, '2026-06-19 22:34:52.622171+05:30', '2026-06-19 22:35:00.595498+05:30');
INSERT INTO public.village_building (id, village_id, building_id, level, x_cor, y_cor, current_hp, last_collected, upgrade_started) VALUES (84, 40, 5, 3, 12, 6, 350, '2026-06-19 22:37:35.641537+05:30', '2026-06-19 22:37:47.101371+05:30');
INSERT INTO public.village_building (id, village_id, building_id, level, x_cor, y_cor, current_hp, last_collected, upgrade_started) VALUES (83, 40, 9, 3, 14, 10, 350, '2026-06-19 22:34:57.934781+05:30', '2026-06-19 22:35:03.956856+05:30');
INSERT INTO public.village_building (id, village_id, building_id, level, x_cor, y_cor, current_hp, last_collected, upgrade_started) VALUES (76, 40, 12, 1, 8, 8, 700, '2026-06-19 22:32:01.318652+05:30', '2026-06-19 22:32:01.318652+05:30');
INSERT INTO public.village_building (id, village_id, building_id, level, x_cor, y_cor, current_hp, last_collected, upgrade_started) VALUES (225, 43, 1, 1, 3, 4, 300, '2026-07-12 14:22:52.390538+05:30', '2026-07-12 14:26:34.29092+05:30');
INSERT INTO public.village_building (id, village_id, building_id, level, x_cor, y_cor, current_hp, last_collected, upgrade_started) VALUES (81, 40, 5, 3, 13, 13, 350, '2026-06-19 22:32:59.146699+05:30', '2026-06-19 22:35:14.576898+05:30');
INSERT INTO public.village_building (id, village_id, building_id, level, x_cor, y_cor, current_hp, last_collected, upgrade_started) VALUES (87, 42, 12, 2, 8, 8, 700, '2026-06-19 23:49:08.791439+05:30', '2001-09-11 19:16:00+05:30');
INSERT INTO public.village_building (id, village_id, building_id, level, x_cor, y_cor, current_hp, last_collected, upgrade_started) VALUES (90, 42, 4, 2, 8, 3, 500, '2026-06-19 23:58:06.387044+05:30', '2001-09-11 19:16:00+05:30');
INSERT INTO public.village_building (id, village_id, building_id, level, x_cor, y_cor, current_hp, last_collected, upgrade_started) VALUES (88, 42, 1, 2, 12, 8, 300, '2026-06-20 00:25:09.188035+05:30', '2001-09-11 19:16:00+05:30');
INSERT INTO public.village_building (id, village_id, building_id, level, x_cor, y_cor, current_hp, last_collected, upgrade_started) VALUES (91, 42, 1, 2, 3, 16, 300, '2026-06-20 00:25:09.188035+05:30', '2001-09-11 19:16:00+05:30');
INSERT INTO public.village_building (id, village_id, building_id, level, x_cor, y_cor, current_hp, last_collected, upgrade_started) VALUES (97, 45, 8, 2, 12, 8, 300, '2026-06-20 01:54:49.713733+05:30', '2026-06-20 02:10:24.612926+05:30');
INSERT INTO public.village_building (id, village_id, building_id, level, x_cor, y_cor, current_hp, last_collected, upgrade_started) VALUES (111, 47, 12, 1, 8, 8, 700, '2026-06-20 21:23:43.747299+05:30', '2001-09-11 19:16:00+05:30');
INSERT INTO public.village_building (id, village_id, building_id, level, x_cor, y_cor, current_hp, last_collected, upgrade_started) VALUES (96, 45, 12, 2, 8, 8, 700, '2026-06-20 01:54:24.562587+05:30', '2026-06-20 02:10:21.710361+05:30');
INSERT INTO public.village_building (id, village_id, building_id, level, x_cor, y_cor, current_hp, last_collected, upgrade_started) VALUES (92, 43, 12, 2, 8, 8, 700, '2026-06-20 01:39:17.286545+05:30', '2001-09-11 19:16:00+05:30');
INSERT INTO public.village_building (id, village_id, building_id, level, x_cor, y_cor, current_hp, last_collected, upgrade_started) VALUES (94, 44, 12, 3, 8, 8, 700, '2026-06-20 01:53:45.780713+05:30', '2001-09-11 19:16:00+05:30');
INSERT INTO public.village_building (id, village_id, building_id, level, x_cor, y_cor, current_hp, last_collected, upgrade_started) VALUES (75, 39, 12, 2, 9, 7, 700, '2026-06-19 04:18:06.937212+05:30', '2001-09-11 19:16:00+05:30');
INSERT INTO public.village_building (id, village_id, building_id, level, x_cor, y_cor, current_hp, last_collected, upgrade_started) VALUES (98, 44, 1, 1, 8, 6, 300, '2026-07-11 16:51:32.637628+05:30', '2001-09-11 19:16:00+05:30');
INSERT INTO public.village_building (id, village_id, building_id, level, x_cor, y_cor, current_hp, last_collected, upgrade_started) VALUES (95, 44, 8, 3, 12, 8, 300, '2026-07-11 16:51:37.353348+05:30', '2001-09-11 19:16:00+05:30');
INSERT INTO public.village_building (id, village_id, building_id, level, x_cor, y_cor, current_hp, last_collected, upgrade_started) VALUES (226, 115, 12, 1, 8, 8, 700, '2026-07-12 14:31:49.431291+05:30', '2001-09-11 19:16:00+05:30');
INSERT INTO public.village_building (id, village_id, building_id, level, x_cor, y_cor, current_hp, last_collected, upgrade_started) VALUES (117, 39, 4, 1, 6, 11, 500, '2026-06-20 21:41:19.549175+05:30', '2026-06-21 01:35:50.5756+05:30');
INSERT INTO public.village_building (id, village_id, building_id, level, x_cor, y_cor, current_hp, last_collected, upgrade_started) VALUES (103, 44, 5, 1, 11, 12, 350, '2026-06-20 03:01:07.317432+05:30', '2001-09-11 19:16:00+05:30');
INSERT INTO public.village_building (id, village_id, building_id, level, x_cor, y_cor, current_hp, last_collected, upgrade_started) VALUES (104, 44, 5, 1, 4, 8, 350, '2026-06-20 03:01:12.862807+05:30', '2001-09-11 19:16:00+05:30');
INSERT INTO public.village_building (id, village_id, building_id, level, x_cor, y_cor, current_hp, last_collected, upgrade_started) VALUES (105, 44, 5, 1, 4, 12, 350, '2026-06-20 03:01:17.414764+05:30', '2001-09-11 19:16:00+05:30');
INSERT INTO public.village_building (id, village_id, building_id, level, x_cor, y_cor, current_hp, last_collected, upgrade_started) VALUES (93, 43, 8, 3, 16, 3, 300, '2026-07-12 14:26:31.205612+05:30', '2001-09-11 19:16:00+05:30');
INSERT INTO public.village_building (id, village_id, building_id, level, x_cor, y_cor, current_hp, last_collected, upgrade_started) VALUES (109, 44, 10, 1, 15, 12, 350, '2026-06-20 03:36:10.977257+05:30', '2001-09-11 19:16:00+05:30');
INSERT INTO public.village_building (id, village_id, building_id, level, x_cor, y_cor, current_hp, last_collected, upgrade_started) VALUES (145, 44, 10, 1, 5, 3, 350, '2026-07-11 13:08:33.580227+05:30', '2001-09-11 19:16:00+05:30');
INSERT INTO public.village_building (id, village_id, building_id, level, x_cor, y_cor, current_hp, last_collected, upgrade_started) VALUES (130, 43, 7, 2, 4, 8, 600, '2026-06-21 01:41:55.606191+05:30', '2001-09-11 19:16:00+05:30');
INSERT INTO public.village_building (id, village_id, building_id, level, x_cor, y_cor, current_hp, last_collected, upgrade_started) VALUES (131, 43, 6, 3, 5, 6, 450, '2026-06-21 01:42:00.799289+05:30', '2001-09-11 19:16:00+05:30');
INSERT INTO public.village_building (id, village_id, building_id, level, x_cor, y_cor, current_hp, last_collected, upgrade_started) VALUES (127, 43, 7, 1, 12, 6, 600, '2026-06-21 01:41:34.663255+05:30', '2001-09-11 19:16:00+05:30');
INSERT INTO public.village_building (id, village_id, building_id, level, x_cor, y_cor, current_hp, last_collected, upgrade_started) VALUES (129, 43, 4, 3, 8, 5, 500, '2026-06-21 01:41:50.417217+05:30', '2001-09-11 19:16:00+05:30');
INSERT INTO public.village_building (id, village_id, building_id, level, x_cor, y_cor, current_hp, last_collected, upgrade_started) VALUES (126, 43, 6, 1, 9, 12, 450, '2026-06-21 01:41:30.060011+05:30', '2001-09-11 19:16:00+05:30');
INSERT INTO public.village_building (id, village_id, building_id, level, x_cor, y_cor, current_hp, last_collected, upgrade_started) VALUES (134, 43, 6, 2, 15, 9, 450, '2026-06-21 01:42:34.568001+05:30', '2001-09-11 19:16:00+05:30');
INSERT INTO public.village_building (id, village_id, building_id, level, x_cor, y_cor, current_hp, last_collected, upgrade_started) VALUES (142, 44, 11, 1, 10, 5, 350, '2026-07-11 00:37:03.322714+05:30', '2001-09-11 19:16:00+05:30');
INSERT INTO public.village_building (id, village_id, building_id, level, x_cor, y_cor, current_hp, last_collected, upgrade_started) VALUES (125, 39, 1, 1, 5, 14, 300, '2026-06-21 01:39:01.631997+05:30', '2001-09-11 19:16:00+05:30');
INSERT INTO public.village_building (id, village_id, building_id, level, x_cor, y_cor, current_hp, last_collected, upgrade_started) VALUES (124, 39, 8, 1, 3, 13, 300, '2026-06-21 01:39:18.527901+05:30', '2001-09-11 19:16:00+05:30');
INSERT INTO public.village_building (id, village_id, building_id, level, x_cor, y_cor, current_hp, last_collected, upgrade_started) VALUES (115, 39, 8, 1, 6, 6, 300, '2026-06-21 01:39:18.527901+05:30', '2026-06-21 01:36:27.723258+05:30');
INSERT INTO public.village_building (id, village_id, building_id, level, x_cor, y_cor, current_hp, last_collected, upgrade_started) VALUES (138, 44, 9, 3, 12, 16, 350, '2026-06-22 10:48:13.326906+05:30', '2001-09-11 19:16:00+05:30');
INSERT INTO public.village_building (id, village_id, building_id, level, x_cor, y_cor, current_hp, last_collected, upgrade_started) VALUES (102, 44, 4, 2, 8, 12, 500, '2026-06-20 03:01:02.455422+05:30', '2001-09-11 19:16:00+05:30');
INSERT INTO public.village_building (id, village_id, building_id, level, x_cor, y_cor, current_hp, last_collected, upgrade_started) VALUES (136, 43, 9, 2, 5, 12, 350, '2026-06-21 01:42:45.833254+05:30', '2001-09-11 19:16:00+05:30');
INSERT INTO public.village_building (id, village_id, building_id, level, x_cor, y_cor, current_hp, last_collected, upgrade_started) VALUES (227, 115, 1, 1, 4, 6, 300, '2026-07-12 14:33:14.397827+05:30', '2001-09-11 19:16:00+05:30');
INSERT INTO public.village_building (id, village_id, building_id, level, x_cor, y_cor, current_hp, last_collected, upgrade_started) VALUES (100, 44, 3, 3, 9, 1, 400, '2026-06-20 03:00:41.017499+05:30', '2001-09-11 19:16:00+05:30');
INSERT INTO public.village_building (id, village_id, building_id, level, x_cor, y_cor, current_hp, last_collected, upgrade_started) VALUES (99, 44, 2, 1, 5, 5, 250, '2026-07-11 02:37:05.314516+05:30', '2001-09-11 19:16:00+05:30');
INSERT INTO public.village_building (id, village_id, building_id, level, x_cor, y_cor, current_hp, last_collected, upgrade_started) VALUES (147, 44, 7, 0, 0, 9, 600, '2026-07-11 14:56:26.925993+05:30', '2001-09-11 19:16:00+05:30');
INSERT INTO public.village_building (id, village_id, building_id, level, x_cor, y_cor, current_hp, last_collected, upgrade_started) VALUES (120, 48, 12, 1, 8, 8, 700, '2026-06-20 21:42:17.830268+05:30', '2001-09-11 19:16:00+05:30');
INSERT INTO public.village_building (id, village_id, building_id, level, x_cor, y_cor, current_hp, last_collected, upgrade_started) VALUES (148, 58, 12, 0, 8, 8, 700, '2026-07-11 14:58:34.519357+05:30', '2001-09-11 19:16:00+05:30');
INSERT INTO public.village_building (id, village_id, building_id, level, x_cor, y_cor, current_hp, last_collected, upgrade_started) VALUES (229, 98, 4, 3, 14, 5, 500, '2026-07-12 14:42:25.803871+05:30', '2001-09-11 19:16:00+05:30');
INSERT INTO public.village_building (id, village_id, building_id, level, x_cor, y_cor, current_hp, last_collected, upgrade_started) VALUES (133, 43, 5, 3, 0, 0, 350, '2026-06-21 01:42:14.961498+05:30', '2001-09-11 19:16:00+05:30');
INSERT INTO public.village_building (id, village_id, building_id, level, x_cor, y_cor, current_hp, last_collected, upgrade_started) VALUES (137, 43, 9, 2, 7, 13, 350, '2026-06-21 01:42:51.576712+05:30', '2001-09-11 19:16:00+05:30');
INSERT INTO public.village_building (id, village_id, building_id, level, x_cor, y_cor, current_hp, last_collected, upgrade_started) VALUES (139, 43, 11, 2, 15, 6, 350, '2026-06-22 14:55:37.313815+05:30', '2001-09-11 19:16:00+05:30');
INSERT INTO public.village_building (id, village_id, building_id, level, x_cor, y_cor, current_hp, last_collected, upgrade_started) VALUES (113, 39, 7, 1, 6, 8, 600, '2026-06-20 21:40:58.33633+05:30', '2001-09-11 19:16:00+05:30');
INSERT INTO public.village_building (id, village_id, building_id, level, x_cor, y_cor, current_hp, last_collected, upgrade_started) VALUES (112, 39, 6, 1, 11, 11, 450, '2026-06-20 21:40:52.966085+05:30', '2001-09-11 19:16:00+05:30');
INSERT INTO public.village_building (id, village_id, building_id, level, x_cor, y_cor, current_hp, last_collected, upgrade_started) VALUES (114, 39, 6, 1, 13, 6, 450, '2026-06-20 21:41:03.93199+05:30', '2001-09-11 19:16:00+05:30');
INSERT INTO public.village_building (id, village_id, building_id, level, x_cor, y_cor, current_hp, last_collected, upgrade_started) VALUES (121, 39, 5, 1, 14, 13, 350, '2026-06-21 00:09:13.240454+05:30', '2001-09-11 19:16:00+05:30');
INSERT INTO public.village_building (id, village_id, building_id, level, x_cor, y_cor, current_hp, last_collected, upgrade_started) VALUES (119, 39, 10, 1, 11, 4, 350, '2026-06-20 21:41:30.708464+05:30', '2001-09-11 19:16:00+05:30');
INSERT INTO public.village_building (id, village_id, building_id, level, x_cor, y_cor, current_hp, last_collected, upgrade_started) VALUES (195, 43, 5, 3, 11, 0, 350, '2026-07-11 17:34:26.802648+05:30', '2001-09-11 19:16:00+05:30');
INSERT INTO public.village_building (id, village_id, building_id, level, x_cor, y_cor, current_hp, last_collected, upgrade_started) VALUES (196, 43, 1, 2, 2, 7, 300, '2026-07-12 14:22:52.390538+05:30', '2001-09-11 19:16:00+05:30');
INSERT INTO public.village_building (id, village_id, building_id, level, x_cor, y_cor, current_hp, last_collected, upgrade_started) VALUES (162, 64, 9, 0, 1, 7, 350, '2026-07-11 15:57:35.679159+05:30', '2001-09-11 19:16:00+05:30');
INSERT INTO public.village_building (id, village_id, building_id, level, x_cor, y_cor, current_hp, last_collected, upgrade_started) VALUES (118, 39, 11, 1, 8, 5, 350, '2026-06-20 21:41:25.997403+05:30', '2001-09-11 19:16:00+05:30');
INSERT INTO public.village_building (id, village_id, building_id, level, x_cor, y_cor, current_hp, last_collected, upgrade_started) VALUES (135, 43, 10, 1, 9, 0, 350, '2026-06-21 01:42:40.384862+05:30', '2001-09-11 19:16:00+05:30');
INSERT INTO public.village_building (id, village_id, building_id, level, x_cor, y_cor, current_hp, last_collected, upgrade_started) VALUES (123, 39, 9, 1, 8, 14, 350, '2026-06-21 00:36:38.122422+05:30', '2001-09-11 19:16:00+05:30');
INSERT INTO public.village_building (id, village_id, building_id, level, x_cor, y_cor, current_hp, last_collected, upgrade_started) VALUES (163, 64, 10, 0, 1, 7, 350, '2026-07-11 15:58:57.083318+05:30', '2001-09-11 19:16:00+05:30');
INSERT INTO public.village_building (id, village_id, building_id, level, x_cor, y_cor, current_hp, last_collected, upgrade_started) VALUES (132, 43, 5, 3, 15, 11, 350, '2026-06-21 01:42:10.318146+05:30', '2001-09-11 19:16:00+05:30');
INSERT INTO public.village_building (id, village_id, building_id, level, x_cor, y_cor, current_hp, last_collected, upgrade_started) VALUES (116, 39, 2, 1, 4, 9, 250, '2026-06-20 21:41:13.709163+05:30', '2001-09-11 19:16:00+05:30');
INSERT INTO public.village_building (id, village_id, building_id, level, x_cor, y_cor, current_hp, last_collected, upgrade_started) VALUES (217, 106, 12, 0, 8, 8, 700, '2026-07-11 19:21:42.896455+05:30', '2026-07-11 19:21:42.90551+05:30');
INSERT INTO public.village_building (id, village_id, building_id, level, x_cor, y_cor, current_hp, last_collected, upgrade_started) VALUES (122, 39, 3, 2, 13, 9, 400, '2026-06-21 00:09:44.440755+05:30', '2001-09-11 19:16:00+05:30');
INSERT INTO public.village_building (id, village_id, building_id, level, x_cor, y_cor, current_hp, last_collected, upgrade_started) VALUES (231, 98, 6, 1, 14, 12, 450, '2026-07-12 14:42:38.202537+05:30', '2001-09-11 19:16:00+05:30');
INSERT INTO public.village_building (id, village_id, building_id, level, x_cor, y_cor, current_hp, last_collected, upgrade_started) VALUES (140, 43, 2, 2, 3, 12, 250, '2026-07-12 14:23:03.173955+05:30', '2001-09-11 19:16:00+05:30');
INSERT INTO public.village_building (id, village_id, building_id, level, x_cor, y_cor, current_hp, last_collected, upgrade_started) VALUES (144, 57, 12, 1, 8, 8, 700, '2026-07-11 11:51:48.363248+05:30', '2001-09-11 19:16:00+05:30');
INSERT INTO public.village_building (id, village_id, building_id, level, x_cor, y_cor, current_hp, last_collected, upgrade_started) VALUES (234, 98, 7, 0, 10, 13, 600, '2026-07-12 14:42:52.860871+05:30', '2026-07-12 14:42:52.870849+05:30');
INSERT INTO public.village_building (id, village_id, building_id, level, x_cor, y_cor, current_hp, last_collected, upgrade_started) VALUES (128, 43, 3, 2, 11, 12, 400, '2026-06-21 01:41:46.051631+05:30', '2001-09-11 19:16:00+05:30');
INSERT INTO public.village_building (id, village_id, building_id, level, x_cor, y_cor, current_hp, last_collected, upgrade_started) VALUES (169, 64, 5, 1, 13, 0, 350, '2026-07-11 16:10:35.943712+05:30', '2001-09-11 19:16:00+05:30');
INSERT INTO public.village_building (id, village_id, building_id, level, x_cor, y_cor, current_hp, last_collected, upgrade_started) VALUES (106, 44, 6, 2, 14, 9, 450, '2026-06-20 03:01:23.540382+05:30', '2001-09-11 19:16:00+05:30');
INSERT INTO public.village_building (id, village_id, building_id, level, x_cor, y_cor, current_hp, last_collected, upgrade_started) VALUES (107, 44, 6, 1, 8, 15, 450, '2026-06-20 03:01:29.043219+05:30', '2001-09-11 19:16:00+05:30');
INSERT INTO public.village_building (id, village_id, building_id, level, x_cor, y_cor, current_hp, last_collected, upgrade_started) VALUES (159, 64, 12, 1, 8, 8, 700, '2026-07-11 15:34:07.87898+05:30', '2001-09-11 19:16:00+05:30');
INSERT INTO public.village_building (id, village_id, building_id, level, x_cor, y_cor, current_hp, last_collected, upgrade_started) VALUES (108, 44, 6, 1, 10, 16, 450, '2026-06-20 03:01:34.066443+05:30', '2001-09-11 19:16:00+05:30');
INSERT INTO public.village_building (id, village_id, building_id, level, x_cor, y_cor, current_hp, last_collected, upgrade_started) VALUES (143, 44, 7, 1, 2, 5, 600, '2026-07-11 02:32:15.545148+05:30', '2001-09-11 19:16:00+05:30');
INSERT INTO public.village_building (id, village_id, building_id, level, x_cor, y_cor, current_hp, last_collected, upgrade_started) VALUES (141, 44, 9, 2, 13, 5, 350, '2026-07-11 00:36:31.270018+05:30', '2001-09-11 19:16:00+05:30');
INSERT INTO public.village_building (id, village_id, building_id, level, x_cor, y_cor, current_hp, last_collected, upgrade_started) VALUES (161, 64, 9, 0, 4, 8, 350, '2026-07-11 15:55:48.241008+05:30', '2001-09-11 19:16:00+05:30');
INSERT INTO public.village_building (id, village_id, building_id, level, x_cor, y_cor, current_hp, last_collected, upgrade_started) VALUES (235, 98, 9, 3, 11, 3, 350, '2026-07-12 14:42:59.48009+05:30', '2001-09-11 19:16:00+05:30');
INSERT INTO public.village_building (id, village_id, building_id, level, x_cor, y_cor, current_hp, last_collected, upgrade_started) VALUES (164, 64, 10, 1, 2, 6, 350, '2026-07-11 15:59:23.633616+05:30', '2001-09-11 19:16:00+05:30');
INSERT INTO public.village_building (id, village_id, building_id, level, x_cor, y_cor, current_hp, last_collected, upgrade_started) VALUES (166, 64, 5, 1, 9, 2, 350, '2026-07-11 16:07:05.670021+05:30', '2001-09-11 19:16:00+05:30');
INSERT INTO public.village_building (id, village_id, building_id, level, x_cor, y_cor, current_hp, last_collected, upgrade_started) VALUES (170, 64, 4, 1, 3, 3, 500, '2026-07-11 16:10:42.183755+05:30', '2001-09-11 19:16:00+05:30');
INSERT INTO public.village_building (id, village_id, building_id, level, x_cor, y_cor, current_hp, last_collected, upgrade_started) VALUES (160, 64, 2, 1, 7, 1, 250, '2026-07-11 15:34:15.898162+05:30', '2001-09-11 19:16:00+05:30');
INSERT INTO public.village_building (id, village_id, building_id, level, x_cor, y_cor, current_hp, last_collected, upgrade_started) VALUES (167, 64, 3, 1, 14, 9, 400, '2026-07-11 16:07:10.419515+05:30', '2001-09-11 19:16:00+05:30');
INSERT INTO public.village_building (id, village_id, building_id, level, x_cor, y_cor, current_hp, last_collected, upgrade_started) VALUES (101, 44, 1, 1, 12, 10, 300, '2026-07-11 16:51:32.637628+05:30', '2001-09-11 19:16:00+05:30');
INSERT INTO public.village_building (id, village_id, building_id, level, x_cor, y_cor, current_hp, last_collected, upgrade_started) VALUES (146, 44, 8, 0, 1, 10, 300, '2026-07-11 16:51:37.353348+05:30', '2001-09-11 19:16:00+05:30');
INSERT INTO public.village_building (id, village_id, building_id, level, x_cor, y_cor, current_hp, last_collected, upgrade_started) VALUES (171, 64, 1, 1, 3, 10, 300, '2026-07-11 16:30:22.504433+05:30', '2001-09-11 19:16:00+05:30');
INSERT INTO public.village_building (id, village_id, building_id, level, x_cor, y_cor, current_hp, last_collected, upgrade_started) VALUES (233, 98, 7, 0, 4, 7, 600, '2026-07-12 14:42:48.347726+05:30', '2026-07-12 14:42:48.36078+05:30');
INSERT INTO public.village_building (id, village_id, building_id, level, x_cor, y_cor, current_hp, last_collected, upgrade_started) VALUES (230, 98, 6, 1, 5, 11, 450, '2026-07-12 14:42:34.226728+05:30', '2001-09-11 19:16:00+05:30');
INSERT INTO public.village_building (id, village_id, building_id, level, x_cor, y_cor, current_hp, last_collected, upgrade_started) VALUES (232, 98, 6, 1, 10, 6, 450, '2026-07-12 14:42:43.527785+05:30', '2001-09-11 19:16:00+05:30');
INSERT INTO public.village_building (id, village_id, building_id, level, x_cor, y_cor, current_hp, last_collected, upgrade_started) VALUES (216, 98, 12, 3, 8, 8, 700, '2026-07-11 19:11:00.96429+05:30', '2001-09-11 19:16:00+05:30');
INSERT INTO public.village_building (id, village_id, building_id, level, x_cor, y_cor, current_hp, last_collected, upgrade_started) VALUES (239, 98, 11, 1, 15, 15, 350, '2026-07-12 14:43:17.131655+05:30', '2001-09-11 19:16:00+05:30');
INSERT INTO public.village_building (id, village_id, building_id, level, x_cor, y_cor, current_hp, last_collected, upgrade_started) VALUES (238, 98, 10, 1, 3, 15, 350, '2026-07-12 14:43:12.120578+05:30', '2001-09-11 19:16:00+05:30');
INSERT INTO public.village_building (id, village_id, building_id, level, x_cor, y_cor, current_hp, last_collected, upgrade_started) VALUES (237, 98, 10, 1, 1, 3, 350, '2026-07-12 14:43:08.043757+05:30', '2001-09-11 19:16:00+05:30');
INSERT INTO public.village_building (id, village_id, building_id, level, x_cor, y_cor, current_hp, last_collected, upgrade_started) VALUES (236, 98, 9, 1, 17, 2, 350, '2026-07-12 14:43:03.288091+05:30', '2001-09-11 19:16:00+05:30');
INSERT INTO public.village_building (id, village_id, building_id, level, x_cor, y_cor, current_hp, last_collected, upgrade_started) VALUES (223, 114, 12, 1, 8, 8, 700, '2026-07-11 19:42:35.894404+05:30', '2001-09-11 19:16:00+05:30');
INSERT INTO public.village_building (id, village_id, building_id, level, x_cor, y_cor, current_hp, last_collected, upgrade_started) VALUES (224, 114, 1, 0, 6, 6, 300, '2026-07-11 19:42:48.912328+05:30', '2026-07-11 19:42:48.922974+05:30');
INSERT INTO public.village_building (id, village_id, building_id, level, x_cor, y_cor, current_hp, last_collected, upgrade_started) VALUES (240, 98, 8, 1, 14, 9, 300, '2026-07-12 14:43:22.341364+05:30', '2001-09-11 19:16:00+05:30');
INSERT INTO public.village_building (id, village_id, building_id, level, x_cor, y_cor, current_hp, last_collected, upgrade_started) VALUES (241, 98, 8, 1, 12, 8, 300, '2026-07-12 14:43:27.340085+05:30', '2001-09-11 19:16:00+05:30');
INSERT INTO public.village_building (id, village_id, building_id, level, x_cor, y_cor, current_hp, last_collected, upgrade_started) VALUES (242, 98, 1, 1, 2, 9, 300, '2026-07-12 14:43:32.123098+05:30', '2001-09-11 19:16:00+05:30');
INSERT INTO public.village_building (id, village_id, building_id, level, x_cor, y_cor, current_hp, last_collected, upgrade_started) VALUES (243, 98, 1, 1, 2, 11, 300, '2026-07-12 14:43:35.795451+05:30', '2001-09-11 19:16:00+05:30');
INSERT INTO public.village_building (id, village_id, building_id, level, x_cor, y_cor, current_hp, last_collected, upgrade_started) VALUES (244, 98, 2, 1, 7, 1, 250, '2026-07-12 14:43:39.652259+05:30', '2001-09-11 19:16:00+05:30');
INSERT INTO public.village_building (id, village_id, building_id, level, x_cor, y_cor, current_hp, last_collected, upgrade_started) VALUES (228, 98, 3, 3, 5, 4, 400, '2026-07-12 14:42:18.216682+05:30', '2001-09-11 19:16:00+05:30');
INSERT INTO public.village_building (id, village_id, building_id, level, x_cor, y_cor, current_hp, last_collected, upgrade_started) VALUES (245, 98, 5, 1, 6, 14, 350, '2026-07-12 14:48:26.189365+05:30', '2001-09-11 19:16:00+05:30');
INSERT INTO public.village_building (id, village_id, building_id, level, x_cor, y_cor, current_hp, last_collected, upgrade_started) VALUES (246, 98, 5, 1, 13, 0, 350, '2026-07-12 14:48:31.10243+05:30', '2001-09-11 19:16:00+05:30');
INSERT INTO public.village_building (id, village_id, building_id, level, x_cor, y_cor, current_hp, last_collected, upgrade_started) VALUES (247, 98, 5, 1, 11, 16, 350, '2026-07-12 14:48:34.837357+05:30', '2001-09-11 19:16:00+05:30');


ALTER TABLE public.village_building ENABLE TRIGGER ALL;

--
-- Name: battles_id_seq; Type: SEQUENCE SET; Schema: public; Owner: lalo
--

SELECT pg_catalog.setval('public.battles_id_seq', 21, true);


--
-- Name: building_id_seq; Type: SEQUENCE SET; Schema: public; Owner: lalo
--

SELECT pg_catalog.setval('public.building_id_seq', 1, false);


--
-- Name: player_id_seq; Type: SEQUENCE SET; Schema: public; Owner: lalo
--

SELECT pg_catalog.setval('public.player_id_seq', 115, true);


--
-- Name: troop_id_seq; Type: SEQUENCE SET; Schema: public; Owner: lalo
--

SELECT pg_catalog.setval('public.troop_id_seq', 1, false);


--
-- Name: village_building_id_seq; Type: SEQUENCE SET; Schema: public; Owner: lalo
--

SELECT pg_catalog.setval('public.village_building_id_seq', 247, true);


--
-- Name: village_id_seq; Type: SEQUENCE SET; Schema: public; Owner: lalo
--

SELECT pg_catalog.setval('public.village_id_seq', 1, false);


--
-- PostgreSQL database dump complete
--